RFA(Sample Set ID)/Tag_id,Segment,Station ID,Station Description,Parameter Code,Parameter Description,Greater Than/Less Than,Value,End Date,End Time,End Depth,Start Date,Start Time,Start Depth,Composite Category,Composite Type,Submitting Entity,Collecting Entity,Monitoring Type,Comments
R220648,1501,12515,TRES PALACIOS CREEK AT FM 521,00300,"OXYGEN, DISSOLVED (MG/L)",NA,5.4,10/18/2004,12:00:00,0.304878,NA,NA,NA,NA,NA,WC,FO,RT,"OVERCAST, HOT, WINDY, SW @ 10-15 MPH, WATER BROWN AND TURBID, RECENT HIGH FLOW"
R206850,1501,12515,TRES PALACIOS CREEK AT FM 521,00300,"OXYGEN, DISSOLVED (MG/L)",NA,10.42,12/10/2002,11:30:00,0.3,NA,NA,NA,NA,NA,WC,FO,RT,"COLD, OVERCAST, LIGHT BRIDGE TRAFFIC.  HIGH FLOW FROM RECENT RAINS.  WATER BROWN GRAY."
2284512,1501,12515,TRES PALACIOS CREEK AT FM 521,00300,"OXYGEN, DISSOLVED (MG/L)",NA,11.55,12/10/2002,11:30:00,0.91,NA,NA,NA,NA,NA,WC,FO,RT,NA
13195587,1501,12515,TRES PALACIOS CREEK AT FM 521,00300,"OXYGEN, DISSOLVED (MG/L)",NA,8.8,01/04/2012,10:44:00,1,NA,NA,NA,NA,NA,WC,FO,RT,NA
13297163,1501,12515,TRES PALACIOS CREEK AT FM 521,00300,"OXYGEN, DISSOLVED (MG/L)",NA,3.7,04/11/2012,11:04:00,0.3,NA,NA,NA,NA,NA,WC,FO,RT,NA
14342006,1501,12515,TRES PALACIOS CREEK AT FM 521,00300,"OXYGEN, DISSOLVED (MG/L)",NA,10.8,12/12/2013,11:15:00,1.2,NA,NA,NA,NA,NA,WC,FO,RT,NA
14391929,1501,12515,TRES PALACIOS CREEK AT FM 521,00300,"OXYGEN, DISSOLVED (MG/L)",NA,6.9,06/17/2014,11:18:00,0.3,NA,NA,NA,NA,NA,WC,FO,RT,NA
L064851,1501,12515,TRES PALACIOS CREEK AT FM 521,00300,"OXYGEN, DISSOLVED (MG/L)",NA,5.26,07/18/2001,12:59:00,0.8,NA,NA,NA,NA,NA,LC,LC,RT,NA
L070015,1501,12515,TRES PALACIOS CREEK AT FM 521,00300,"OXYGEN, DISSOLVED (MG/L)",NA,0.83,09/09/2002,14:07:00,0.9,NA,NA,NA,NA,NA,LC,LC,RT,NA
L071042,1501,12515,TRES PALACIOS CREEK AT FM 521,00300,"OXYGEN, DISSOLVED (MG/L)",NA,9.79,03/05/2003,11:18:00,0.3,NA,NA,NA,NA,NA,LC,LC,RT,NA
L076039,1501,12515,TRES PALACIOS CREEK AT FM 521,00300,"OXYGEN, DISSOLVED (MG/L)",NA,15.64,01/13/2004,13:15:00,0.33,NA,NA,NA,NA,NA,LC,LC,RT,NA
L077311,1501,12515,TRES PALACIOS CREEK AT FM 521,00300,"OXYGEN, DISSOLVED (MG/L)",NA,8.47,07/13/2004,11:55:00,0.32,NA,NA,NA,NA,NA,LC,LC,RT,NA
L083166,1501,12515,TRES PALACIOS CREEK AT FM 521,00300,"OXYGEN, DISSOLVED (MG/L)",NA,8.74,11/01/2005,12:55:00,1.8,NA,NA,NA,NA,NA,LC,LC,RT,NA
L080231,1501,12515,TRES PALACIOS CREEK AT FM 521,00300,"OXYGEN, DISSOLVED (MG/L)",NA,8.43,03/01/2005,12:25:00,0.3,NA,NA,NA,NA,NA,LC,LC,RT,NA
L089546,1501,12515,TRES PALACIOS CREEK AT FM 521,00300,"OXYGEN, DISSOLVED (MG/L)",NA,9.2,03/03/2008,13:20:00,0.3,NA,NA,NA,NA,NA,LC,LC,RT,NA
L092530,1501,12515,TRES PALACIOS CREEK AT FM 521,00300,"OXYGEN, DISSOLVED (MG/L)",NA,7.7,11/05/2008,11:30:00,0.3,NA,NA,NA,NA,NA,LC,LC,RT,NA
12484689,1501,12515,TRES PALACIOS CREEK AT FM 521,00300,"OXYGEN, DISSOLVED (MG/L)",NA,4,09/23/2010,10:22:00,0.3,NA,NA,NA,NA,NA,WC,FO,RT,NA
12331796,1501,12515,TRES PALACIOS CREEK AT FM 521,00300,"OXYGEN, DISSOLVED (MG/L)",NA,3.3,06/28/2010,10:26:00,0.85,NA,NA,NA,NA,NA,WC,FO,RT,NA
12318587,1501,12515,TRES PALACIOS CREEK AT FM 521,00300,"OXYGEN, DISSOLVED (MG/L)",NA,3.6,06/28/2010,10:26:00,0.3,NA,NA,NA,NA,NA,WC,FO,RT,NA
12897522,1501,12515,TRES PALACIOS CREEK AT FM 521,00300,"OXYGEN, DISSOLVED (MG/L)",NA,4.1,06/01/2011,10:10:00,0.8,NA,NA,NA,NA,NA,WC,FO,RT,NA
14578838,1501,12515,TRES PALACIOS CREEK AT FM 521,00300,"OXYGEN, DISSOLVED (MG/L)",NA,5.7,03/21/2017,11:47:00,1.8,NA,NA,NA,NA,NA,WC,FO,RT,NA
14539389,1501,12515,TRES PALACIOS CREEK AT FM 521,00300,"OXYGEN, DISSOLVED (MG/L)",NA,6,09/28/2016,10:58:00,0.65,NA,NA,NA,NA,NA,WC,FO,RT,NA
R209220,1502,12517,TRES PALACIOS CREEK AT FM 456,00300,"OXYGEN, DISSOLVED (MG/L)",NA,8.83,03/25/2003,10:16:00,0.3,NA,NA,NA,NA,NA,WC,FO,RT,"M. CLOUDY, S WIND 10-15, WARM.  H20 GRAY BROWN AND TURBID.  TIRES AND DEBRIS INCREEK.  MANY COWS JUST UPSTREAM OF STATION."
R211260,1502,12517,TRES PALACIOS CREEK AT FM 456,00300,"OXYGEN, DISSOLVED (MG/L)",NA,8.1,06/24/2003,12:15:00,0.3,NA,NA,NA,NA,NA,WC,FO,RT,"WATER TURBID, BROWNISH.  LOTS OF TRASH, TIRES, ETC. IN STREAM."
R212870,1502,12517,TRES PALACIOS CREEK AT FM 456,00300,"OXYGEN, DISSOLVED (MG/L)",NA,5.3,09/23/2003,10:27:00,0.304878,NA,NA,NA,NA,NA,WC,FO,RT,"M. SUNNY, WARM, LIGHT BREEZE. H20 VERY TURBID AND BROWN. H20 HIGH FROM RECENTRAINS."
R214567,1502,12517,TRES PALACIOS CREEK AT FM 456,00300,"OXYGEN, DISSOLVED (MG/L)",NA,11.5,12/11/2003,10:20:00,0.304878,NA,NA,NA,NA,NA,WC,FO,RT,"CLEAR, COLD. WATER MILKY GREEN. NO TRAFFIC."
R222458,1502,12517,TRES PALACIOS CREEK AT FM 456,00300,"OXYGEN, DISSOLVED (MG/L)",NA,9.5,12/06/2004,10:41:00,0.304878,NA,NA,NA,NA,NA,WC,FO,RT,"CLOUDY, WINDY NE WIND 5-10 MPH, COLD, WATER GREEN AND CLOUDY, LOTS OF TRASH ANDDEBRIS IN CREEK"
13297165,1502,12517,TRES PALACIOS CREEK AT FM 456,00300,"OXYGEN, DISSOLVED (MG/L)",NA,10.2,04/11/2012,10:27:00,0.2,NA,NA,NA,NA,NA,WC,FO,RT,NA
13770492,1502,12517,TRES PALACIOS CREEK AT FM 456,00300,"OXYGEN, DISSOLVED (MG/L)",NA,6.5,06/11/2013,10:15:00,0.3,NA,NA,NA,NA,NA,WC,FO,RT,NA
10014010,1502,12517,TRES PALACIOS CREEK AT FM 456,00300,"OXYGEN, DISSOLVED (MG/L)",NA,6.7,09/27/2006,10:50:00,0.3,NA,NA,NA,NA,NA,WC,FO,RT,NA
10015012,1502,12517,TRES PALACIOS CREEK AT FM 456,00300,"OXYGEN, DISSOLVED (MG/L)",NA,9,03/27/2007,11:25:00,0.3,NA,NA,NA,NA,NA,WC,FO,RT,NA
10013608,1502,12517,TRES PALACIOS CREEK AT FM 456,00300,"OXYGEN, DISSOLVED (MG/L)",NA,12.6,12/13/2006,10:55:00,0.3,NA,NA,NA,NA,NA,WC,FO,RT,NA
10097348,1502,12517,TRES PALACIOS CREEK AT FM 456,00300,"OXYGEN, DISSOLVED (MG/L)",NA,9.6,03/25/2008,10:31:00,0.3,NA,NA,NA,NA,NA,WC,FO,RT,NA
12318591,1502,12517,TRES PALACIOS CREEK AT FM 456,00300,"OXYGEN, DISSOLVED (MG/L)",NA,7.2,06/28/2010,09:57:00,0.3,NA,NA,NA,NA,NA,WC,FO,RT,NA
12808784,1502,12517,TRES PALACIOS CREEK AT FM 456,00300,"OXYGEN, DISSOLVED (MG/L)",NA,8.3,03/16/2011,09:48:00,0.3,NA,NA,NA,NA,NA,WC,FO,RT,NA
14539406,1502,12517,TRES PALACIOS CREEK AT FM 456,00300,"OXYGEN, DISSOLVED (MG/L)",NA,8,09/28/2016,10:29:00,0.1,NA,NA,NA,NA,NA,WC,FO,RT,NA
P008289,1501,15321,TRES PALACIOS TIDAL UPST FM521,00300,"OXYGEN, DISSOLVED (MG/L)",NA,9.08,08/03/2004,17:51:00,0.3,NA,NA,NA,NA,NA,PW,PW,TQ,? Days since last significant rainfall; flow severity - no flow
P008221,1501,15321,TRES PALACIOS TIDAL UPST FM521,00300,"OXYGEN, DISSOLVED (MG/L)",NA,6.98,11/03/2003,12:27:00,0.3,NA,NA,NA,NA,NA,PW,PW,TQ,NA
2657837,1501,17887,TRES PALACIOS TIDAL 1.4 KM UPSTREAM CONFLUENCE WILSON'S CREEK,00300,"OXYGEN, DISSOLVED (MG/L)",NA,2.9,08/03/2004,17:24:00,3.3,NA,NA,NA,NA,NA,PW,PW,TQ,NA
2657992,1501,17887,TRES PALACIOS TIDAL 1.4 KM UPSTREAM CONFLUENCE WILSON'S CREEK,00300,"OXYGEN, DISSOLVED (MG/L)",NA,2.71,11/03/2003,12:50:00,1.7,NA,NA,NA,NA,NA,PW,PW,TQ,NA
P008172,1501,17887,TRES PALACIOS TIDAL 1.4 KM UPSTREAM CONFLUENCE WILSON'S CREEK,00300,"OXYGEN, DISSOLVED (MG/L)",NA,7.47,06/23/2003,14:48:00,0.3,NA,NA,NA,NA,NA,PW,PW,TQ,NA
L106084,1501,20636,TRES PALACIOS RIVER 260 METERS SOUTH AND 90 METERS EAST FROM THE INTERSECTION OF LIVE OAK BOULEVARD AND RIVERSIDE DRIVE,00300,"OXYGEN, DISSOLVED (MG/L)",NA,3.4,05/08/2012,11:45:00,0.3,NA,NA,NA,NA,NA,LC,LC,RT,NA
L098148,1501,20636,TRES PALACIOS RIVER 260 METERS SOUTH AND 90 METERS EAST FROM THE INTERSECTION OF LIVE OAK BOULEVARD AND RIVERSIDE DRIVE,00300,"OXYGEN, DISSOLVED (MG/L)",NA,9.4,03/10/2010,09:55:00,0.3,NA,NA,NA,NA,NA,LC,LC,RT,NA
L099667,1501,20636,TRES PALACIOS RIVER 260 METERS SOUTH AND 90 METERS EAST FROM THE INTERSECTION OF LIVE OAK BOULEVARD AND RIVERSIDE DRIVE,00300,"OXYGEN, DISSOLVED (MG/L)",NA,3.1,07/06/2010,12:15:00,0.3,NA,NA,NA,NA,NA,LC,LC,RT,NA
14520509,1501,12515,TRES PALACIOS CREEK AT FM 521,00300,"OXYGEN, DISSOLVED (MG/L)",NA,3.5,06/16/2016,11:13:00,1.6,NA,NA,NA,NA,NA,WC,FO,RT,NA
14507325,1501,12515,TRES PALACIOS CREEK AT FM 521,00300,"OXYGEN, DISSOLVED (MG/L)",NA,11.5,02/10/2016,12:14:00,1.7,NA,NA,NA,NA,NA,WC,FO,RT,NA
2613024,1501,12515,TRES PALACIOS CREEK AT FM 521,00300,"OXYGEN, DISSOLVED (MG/L)",NA,5.7,10/18/2004,12:00:00,1.21951,NA,NA,NA,NA,NA,WC,FO,RT,NA
R222459,1501,12515,TRES PALACIOS CREEK AT FM 521,00300,"OXYGEN, DISSOLVED (MG/L)",NA,8.5,12/06/2004,11:14:00,0.304878,NA,NA,NA,NA,NA,WC,FO,RT,"CLOUDY, NE WIND 10-15 MPH, COLD, WATER TURBID AND BROWN, MODERATE BRIDGE TRAFFIC"
14342005,1501,12515,TRES PALACIOS CREEK AT FM 521,00300,"OXYGEN, DISSOLVED (MG/L)",NA,11.3,12/12/2013,11:15:00,0.75,NA,NA,NA,NA,NA,WC,FO,RT,NA
L064264,1501,12515,TRES PALACIOS CREEK AT FM 521,00300,"OXYGEN, DISSOLVED (MG/L)",NA,7.58,05/03/2001,09:57:00,0.2,NA,NA,NA,NA,NA,LC,LC,RT,NA
L067076,1501,12515,TRES PALACIOS CREEK AT FM 521,00300,"OXYGEN, DISSOLVED (MG/L)",NA,6.05,11/26/2001,11:37:00,0.33,NA,NA,NA,NA,NA,LC,LC,RT,NA
13693421,1501,12515,TRES PALACIOS CREEK AT FM 521,00300,"OXYGEN, DISSOLVED (MG/L)",NA,6.9,04/03/2013,11:05:00,0.3,NA,NA,NA,NA,NA,WC,FO,RT,NA
L085213,1501,12515,TRES PALACIOS CREEK AT FM 521,00300,"OXYGEN, DISSOLVED (MG/L)",NA,3.9,07/17/2006,13:40:00,0.3,NA,NA,NA,NA,NA,LC,LC,RT,NA
L085468,1501,12515,TRES PALACIOS CREEK AT FM 521,00300,"OXYGEN, DISSOLVED (MG/L)",NA,5.3,11/01/2006,12:20:00,0.3,NA,NA,NA,NA,NA,LC,LC,RT,NA
10013610,1501,12515,TRES PALACIOS CREEK AT FM 521,00300,"OXYGEN, DISSOLVED (MG/L)",NA,10.9,12/13/2006,11:30:00,0.3,NA,NA,NA,NA,NA,WC,FO,RT,NA
L088975,1501,12515,TRES PALACIOS CREEK AT FM 521,00300,"OXYGEN, DISSOLVED (MG/L)",NA,3.7,07/09/2007,13:35:00,0.3,NA,NA,NA,NA,NA,LC,LC,RT,NA
L088274,1501,12515,TRES PALACIOS CREEK AT FM 521,00300,"OXYGEN, DISSOLVED (MG/L)",NA,10.5,11/01/2007,12:30:00,0.3,NA,NA,NA,NA,NA,LC,LC,RT,NA
L089475,1501,12515,TRES PALACIOS CREEK AT FM 521,00300,"OXYGEN, DISSOLVED (MG/L)",NA,12.2,01/02/2008,12:50:00,0.3,NA,NA,NA,NA,NA,LC,LC,RT,NA
L094459,1501,12515,TRES PALACIOS CREEK AT FM 521,00300,"OXYGEN, DISSOLVED (MG/L)",NA,5.6,05/05/2009,11:25:00,0.3,NA,NA,NA,NA,NA,LC,LC,RT,NA
10231849,1501,12515,TRES PALACIOS CREEK AT FM 521,00300,"OXYGEN, DISSOLVED (MG/L)",NA,4,06/11/2009,10:30:00,1.5,NA,NA,NA,NA,NA,WC,FO,RT,NA
12484690,1501,12515,TRES PALACIOS CREEK AT FM 521,00300,"OXYGEN, DISSOLVED (MG/L)",NA,3.9,09/23/2010,10:22:00,0.9,NA,NA,NA,NA,NA,WC,FO,RT,NA
12808788,1501,12515,TRES PALACIOS CREEK AT FM 521,00300,"OXYGEN, DISSOLVED (MG/L)",NA,7.1,03/16/2011,10:22:00,1.4,NA,NA,NA,NA,NA,WC,FO,RT,NA
12663210,1501,12515,TRES PALACIOS CREEK AT FM 521,00300,"OXYGEN, DISSOLVED (MG/L)",NA,9.6,12/16/2010,10:43:00,0.3,NA,NA,NA,NA,NA,WC,FO,RT,NA
12663212,1501,12515,TRES PALACIOS CREEK AT FM 521,00300,"OXYGEN, DISSOLVED (MG/L)",NA,7.6,12/16/2010,10:43:00,1.6,NA,NA,NA,NA,NA,WC,FO,RT,NA
13079712,1501,12515,TRES PALACIOS CREEK AT FM 521,00300,"OXYGEN, DISSOLVED (MG/L)",NA,5.5,09/28/2011,10:58:00,0.3,NA,NA,NA,NA,NA,WC,FO,RT,NA
13079713,1501,12515,TRES PALACIOS CREEK AT FM 521,00300,"OXYGEN, DISSOLVED (MG/L)",NA,5,09/28/2011,10:58:00,1.1,NA,NA,NA,NA,NA,WC,FO,RT,NA
12897521,1501,12515,TRES PALACIOS CREEK AT FM 521,00300,"OXYGEN, DISSOLVED (MG/L)",NA,6.9,06/01/2011,10:10:00,0.3,NA,NA,NA,NA,NA,WC,FO,RT,NA
14520511,1502,12517,TRES PALACIOS CREEK AT FM 456,00300,"OXYGEN, DISSOLVED (MG/L)",NA,6.8,06/16/2016,10:34:00,0.13,NA,NA,NA,NA,NA,WC,FO,RT,NA
R194283,1502,12517,TRES PALACIOS CREEK AT FM 456,00300,"OXYGEN, DISSOLVED (MG/L)",NA,7.55,03/14/2001,10:00:00,0.3,NA,NA,NA,NA,NA,WC,FO,RT,"CLOUDY, APPROACHING T STORMS, COOL, H2O CLEAR GREEN.  NORMAL FLOW.  SW WIND 20-20 MPH."
R202532,1502,12517,TRES PALACIOS CREEK AT FM 456,00300,"OXYGEN, DISSOLVED (MG/L)",NA,6.27,06/12/2002,10:19:00,0.3,NA,NA,NA,NA,NA,WC,FO,RT,"M. CLOUDY, FEW SHOWERS IN AREA, MUGGY AND WARM. WATER BROWN AND VERY TURBID. TRASH AND DEBRIS IN CREEK"
R206848,1502,12517,TRES PALACIOS CREEK AT FM 456,00300,"OXYGEN, DISSOLVED (MG/L)",NA,10.57,12/10/2002,11:00:00,0.3,NA,NA,NA,NA,NA,WC,FO,RT,"VERY HIGH FLOW, WATER LIGHT BROWN TO GRAY.  OVERCAST, COLD, LIGHT BRIDGE TRAFFIC."
10091820,1502,12517,TRES PALACIOS CREEK AT FM 456,00300,"OXYGEN, DISSOLVED (MG/L)",NA,8.7,12/19/2007,10:57:00,0.3,NA,NA,NA,NA,NA,WC,FO,RT,NA
12897525,1502,12517,TRES PALACIOS CREEK AT FM 456,00300,"OXYGEN, DISSOLVED (MG/L)",NA,8.1,06/01/2011,09:40:00,0.3,NA,NA,NA,NA,NA,WC,FO,RT,NA
14595133,1502,12517,TRES PALACIOS CREEK AT FM 456,00300,"OXYGEN, DISSOLVED (MG/L)",NA,10,06/15/2017,11:05:00,0.2,NA,NA,NA,NA,NA,WC,FO,RT,NA
2657838,1501,15321,TRES PALACIOS TIDAL UPST FM521,00300,"OXYGEN, DISSOLVED (MG/L)",NA,3.42,08/03/2004,17:51:00,3.5,NA,NA,NA,NA,NA,PW,PW,TQ,NA
2657729,1501,15321,TRES PALACIOS TIDAL UPST FM521,00300,"OXYGEN, DISSOLVED (MG/L)",NA,1.55,06/23/2003,13:45:00,3.4,NA,NA,NA,NA,NA,PW,PW,TQ,NA
2657922,1501,15321,TRES PALACIOS TIDAL UPST FM521,00300,"OXYGEN, DISSOLVED (MG/L)",NA,4.75,09/22/2003,12:35:00,2,NA,NA,NA,NA,NA,PW,PW,TQ,NA
2658057,1501,15321,TRES PALACIOS TIDAL UPST FM521,00300,"OXYGEN, DISSOLVED (MG/L)",NA,6.23,11/08/2004,16:20:00,1.5,NA,NA,NA,NA,NA,PW,PW,TQ,NA
2658072,1501,15321,TRES PALACIOS TIDAL UPST FM521,00300,"OXYGEN, DISSOLVED (MG/L)",NA,6.2,11/08/2004,16:20:00,3,NA,NA,NA,NA,NA,PW,PW,TQ,NA
2657829,1501,17887,TRES PALACIOS TIDAL 1.4 KM UPSTREAM CONFLUENCE WILSON'S CREEK,00300,"OXYGEN, DISSOLVED (MG/L)",NA,3.51,08/03/2004,17:24:00,1.7,NA,NA,NA,NA,NA,PW,PW,TQ,NA
2657536,1501,17887,TRES PALACIOS TIDAL 1.4 KM UPSTREAM CONFLUENCE WILSON'S CREEK,00300,"OXYGEN, DISSOLVED (MG/L)",NA,5.5,03/22/2004,14:10:00,1.3,NA,NA,NA,NA,NA,PW,PW,TQ,NA
P008259,1501,17887,TRES PALACIOS TIDAL 1.4 KM UPSTREAM CONFLUENCE WILSON'S CREEK,00300,"OXYGEN, DISSOLVED (MG/L)",NA,5.92,05/12/2004,16:00:00,0.3,NA,NA,NA,NA,NA,PW,PW,TQ,NA
L096436,1501,20636,TRES PALACIOS RIVER 260 METERS SOUTH AND 90 METERS EAST FROM THE INTERSECTION OF LIVE OAK BOULEVARD AND RIVERSIDE DRIVE,00300,"OXYGEN, DISSOLVED (MG/L)",NA,3.2,09/01/2009,11:55:00,0.3,NA,NA,NA,NA,NA,LC,LC,RT,NA
L098767,1501,20636,TRES PALACIOS RIVER 260 METERS SOUTH AND 90 METERS EAST FROM THE INTERSECTION OF LIVE OAK BOULEVARD AND RIVERSIDE DRIVE,00300,"OXYGEN, DISSOLVED (MG/L)",NA,7.5,05/03/2010,11:55:00,0.3,NA,NA,NA,NA,NA,LC,LC,RT,NA
14478906,1501,12515,TRES PALACIOS CREEK AT FM 521,00300,"OXYGEN, DISSOLVED (MG/L)",NA,4.4,11/04/2015,12:05:00,0.8,NA,NA,NA,NA,NA,WC,FO,RT,NA
14478907,1501,12515,TRES PALACIOS CREEK AT FM 521,00300,"OXYGEN, DISSOLVED (MG/L)",NA,4,11/04/2015,12:05:00,1.3,NA,NA,NA,NA,NA,WC,FO,RT,NA
14504945,1501,12515,TRES PALACIOS CREEK AT FM 521,00300,"OXYGEN, DISSOLVED (MG/L)",NA,11.1,04/06/2016,11:33:00,1.5,NA,NA,NA,NA,NA,WC,FO,RT,NA
14507324,1501,12515,TRES PALACIOS CREEK AT FM 521,00300,"OXYGEN, DISSOLVED (MG/L)",NA,13.6,02/10/2016,12:14:00,1,NA,NA,NA,NA,NA,WC,FO,RT,NA
2568305,1501,12515,TRES PALACIOS CREEK AT FM 521,00300,"OXYGEN, DISSOLVED (MG/L)",NA,3.5,06/16/2004,11:18:00,1.52439,NA,NA,NA,NA,NA,WC,FO,RT,NA
13770495,1501,12515,TRES PALACIOS CREEK AT FM 521,00300,"OXYGEN, DISSOLVED (MG/L)",NA,4.8,06/11/2013,10:45:00,0.9,NA,NA,NA,NA,NA,WC,FO,RT,NA
13513177,1501,12515,TRES PALACIOS CREEK AT FM 521,00300,"OXYGEN, DISSOLVED (MG/L)",NA,11.3,09/27/2012,11:34:00,0.3,NA,NA,NA,NA,NA,WC,FO,RT,NA
L070611,1501,12515,TRES PALACIOS CREEK AT FM 521,00300,"OXYGEN, DISSOLVED (MG/L)",NA,5.49,11/05/2002,12:49:00,1.4,NA,NA,NA,NA,NA,LC,LC,RT,NA
L071109,1501,12515,TRES PALACIOS CREEK AT FM 521,00300,"OXYGEN, DISSOLVED (MG/L)",NA,9.38,01/02/2003,11:20:00,0.3,NA,NA,NA,NA,NA,LC,LC,RT,NA
L072424,1501,12515,TRES PALACIOS CREEK AT FM 521,00300,"OXYGEN, DISSOLVED (MG/L)",NA,5.92,05/07/2003,11:44:00,0.3,NA,NA,NA,NA,NA,LC,LC,RT,NA
13693422,1501,12515,TRES PALACIOS CREEK AT FM 521,00300,"OXYGEN, DISSOLVED (MG/L)",NA,6.8,04/03/2013,11:05:00,0.9,NA,NA,NA,NA,NA,WC,FO,RT,NA
10015006,1501,12515,TRES PALACIOS CREEK AT FM 521,00300,"OXYGEN, DISSOLVED (MG/L)",NA,5.8,03/27/2007,12:02:00,0.3,NA,NA,NA,NA,NA,WC,FO,RT,NA
10111647,1501,12515,TRES PALACIOS CREEK AT FM 521,00300,"OXYGEN, DISSOLVED (MG/L)",NA,5,07/02/2008,11:18:00,0.3,NA,NA,NA,NA,NA,WC,FO,RT,Entero sample - 120 cfu. 
L093361,1501,12515,TRES PALACIOS CREEK AT FM 521,00300,"OXYGEN, DISSOLVED (MG/L)",NA,8.8,01/06/2009,12:35:00,0.3,NA,NA,NA,NA,NA,LC,LC,RT,NA
L095577,1501,12515,TRES PALACIOS CREEK AT FM 521,00300,"OXYGEN, DISSOLVED (MG/L)",NA,6.4,07/15/2009,12:40:00,0.3,NA,NA,NA,NA,NA,LC,LC,RT,NA
11889018,1501,12515,TRES PALACIOS CREEK AT FM 521,00300,"OXYGEN, DISSOLVED (MG/L)",NA,4.3,09/09/2009,10:27:00,0.75,NA,NA,NA,NA,NA,WC,FO,RT,NA
14478903,1502,12517,TRES PALACIOS CREEK AT FM 456,00300,"OXYGEN, DISSOLVED (MG/L)",NA,6.8,11/04/2015,11:03:00,0.3,NA,NA,NA,NA,NA,WC,FO,RT,NA
2568308,1502,12517,TRES PALACIOS CREEK AT FM 456,00300,"OXYGEN, DISSOLVED (MG/L)",NA,7.4,06/16/2004,10:50:00,1.82927,NA,NA,NA,NA,NA,WC,FO,RT,NA
R223916,1502,12517,TRES PALACIOS CREEK AT FM 456,00300,"OXYGEN, DISSOLVED (MG/L)",NA,8.4,03/15/2005,11:25:00,0.304878,NA,NA,NA,NA,NA,WC,FO,RT,"WD NORTH @ 10-12 MPH. 100% CLOUD COVER. BROWN WATER; TURBID, SOME FOAM ON SURFACE. FLOW FROM USGS GAGE LOCATION 08162600. DUE TO TRAILER PROBLEMS NO BACTERIOLOGICAL DATA DUE TO HOLD TIMES BEING EXCEEDED."
R225455,1502,12517,TRES PALACIOS CREEK AT FM 456,00300,"OXYGEN, DISSOLVED (MG/L)",NA,7.2,06/22/2005,10:08:00,0.304878,NA,NA,NA,NA,NA,WC,FO,RT,"CLEAR SKIES, SLIGHT FOAM ON WATER, MODERATE DEBRIS. WATER GRAYISH GREEN. W INDS SE AT 3-5 MPH."
R227151,1502,12517,TRES PALACIOS CREEK AT FM 456,00300,"OXYGEN, DISSOLVED (MG/L)",NA,6.9,09/28/2005,11:22:00,0.304878,NA,NA,NA,NA,NA,WC,FO,RT,"SE WIND 5-10, 20% CLOUD COVER, HOT AND HUMID. WATER GRAY WITH LOTS OF TRASH ANDDEBRIS."
13195580,1502,12517,TRES PALACIOS CREEK AT FM 456,00300,"OXYGEN, DISSOLVED (MG/L)",NA,11.6,01/04/2012,10:09:00,0.3,NA,NA,NA,NA,NA,WC,FO,RT,NA
13329584,1502,12517,TRES PALACIOS CREEK AT FM 456,00300,"OXYGEN, DISSOLVED (MG/L)",NA,7.2,07/05/2012,10:33:00,0.15,NA,NA,NA,NA,NA,WC,FO,RT,NA
10111645,1502,12517,TRES PALACIOS CREEK AT FM 456,00300,"OXYGEN, DISSOLVED (MG/L)",NA,6.8,07/02/2008,10:42:00,0.3,NA,NA,NA,NA,NA,WC,FO,RT,NA
11889015,1502,12517,TRES PALACIOS CREEK AT FM 456,00300,"OXYGEN, DISSOLVED (MG/L)",NA,6.1,09/09/2009,09:56:00,0.3,NA,NA,NA,NA,NA,WC,FO,RT,NA
2657537,1501,15321,TRES PALACIOS TIDAL UPST FM521,00300,"OXYGEN, DISSOLVED (MG/L)",NA,7.57,03/22/2004,13:20:00,1.3,NA,NA,NA,NA,NA,PW,PW,TQ,NA
2657993,1501,15321,TRES PALACIOS TIDAL UPST FM521,00300,"OXYGEN, DISSOLVED (MG/L)",NA,2.96,11/03/2003,12:27:00,1.7,NA,NA,NA,NA,NA,PW,PW,TQ,NA
P008321,1501,15321,TRES PALACIOS TIDAL UPST FM521,00300,"OXYGEN, DISSOLVED (MG/L)",NA,6.65,11/08/2004,16:20:00,0.3,NA,NA,NA,NA,NA,PW,PW,TQ,Days since last sign. rainfall: 7; Flow severity: low.
2657862,1501,17887,TRES PALACIOS TIDAL 1.4 KM UPSTREAM CONFLUENCE WILSON'S CREEK,00300,"OXYGEN, DISSOLVED (MG/L)",NA,2.44,08/04/2003,14:13:00,3.5,NA,NA,NA,NA,NA,PW,PW,TQ,NA
P008272,1501,17887,TRES PALACIOS TIDAL 1.4 KM UPSTREAM CONFLUENCE WILSON'S CREEK,00300,"OXYGEN, DISSOLVED (MG/L)",NA,5.28,07/06/2004,17:50:00,0.3,NA,NA,NA,NA,NA,PW,PW,TQ,Flow severity - low; days since last significant rainfall - blank
P008304,1501,17887,TRES PALACIOS TIDAL 1.4 KM UPSTREAM CONFLUENCE WILSON'S CREEK,00300,"OXYGEN, DISSOLVED (MG/L)",NA,7.18,09/22/2004,17:25:00,0.3,NA,NA,NA,NA,NA,PW,PW,TQ,1 day since last significant rainfall.  Flow severity - normal
2657921,1501,17887,TRES PALACIOS TIDAL 1.4 KM UPSTREAM CONFLUENCE WILSON'S CREEK,00300,"OXYGEN, DISSOLVED (MG/L)",NA,7.5,09/22/2003,13:15:00,2.1,NA,NA,NA,NA,NA,PW,PW,TQ,NA
2657934,1501,17887,TRES PALACIOS TIDAL 1.4 KM UPSTREAM CONFLUENCE WILSON'S CREEK,00300,"OXYGEN, DISSOLVED (MG/L)",NA,6.66,09/22/2003,13:15:00,4.2,NA,NA,NA,NA,NA,PW,PW,TQ,NA
P008320,1501,17887,TRES PALACIOS TIDAL 1.4 KM UPSTREAM CONFLUENCE WILSON'S CREEK,00300,"OXYGEN, DISSOLVED (MG/L)",NA,6.27,11/08/2004,15:50:00,0.3,NA,NA,NA,NA,NA,PW,PW,TQ,Days since last sign. rainfall: 7; Flow severity: no flow.
2658071,1501,17887,TRES PALACIOS TIDAL 1.4 KM UPSTREAM CONFLUENCE WILSON'S CREEK,00300,"OXYGEN, DISSOLVED (MG/L)",NA,6.16,11/08/2004,15:50:00,3,NA,NA,NA,NA,NA,PW,PW,TQ,NA
L103325,1501,20636,TRES PALACIOS RIVER 260 METERS SOUTH AND 90 METERS EAST FROM THE INTERSECTION OF LIVE OAK BOULEVARD AND RIVERSIDE DRIVE,00300,"OXYGEN, DISSOLVED (MG/L)",NA,5.8,07/12/2011,12:10:00,0.3,NA,NA,NA,NA,NA,LC,LC,RT,NA
L106610,1501,20636,TRES PALACIOS RIVER 260 METERS SOUTH AND 90 METERS EAST FROM THE INTERSECTION OF LIVE OAK BOULEVARD AND RIVERSIDE DRIVE,00300,"OXYGEN, DISSOLVED (MG/L)",NA,3,07/23/2012,11:50:00,0.3,NA,NA,NA,NA,NA,LC,LC,RT,NA
L105604,1501,20636,TRES PALACIOS RIVER 260 METERS SOUTH AND 90 METERS EAST FROM THE INTERSECTION OF LIVE OAK BOULEVARD AND RIVERSIDE DRIVE,00300,"OXYGEN, DISSOLVED (MG/L)",NA,5.9,03/06/2012,10:40:00,0.3,NA,NA,NA,NA,NA,LC,LC,RT,NA
L101629,1501,20636,TRES PALACIOS RIVER 260 METERS SOUTH AND 90 METERS EAST FROM THE INTERSECTION OF LIVE OAK BOULEVARD AND RIVERSIDE DRIVE,00300,"OXYGEN, DISSOLVED (MG/L)",NA,5.1,01/04/2011,12:15:00,0.3,NA,NA,NA,NA,NA,LC,LC,RT,NA
14478905,1501,12515,TRES PALACIOS CREEK AT FM 521,00300,"OXYGEN, DISSOLVED (MG/L)",NA,4.7,11/04/2015,12:05:00,0.3,NA,NA,NA,NA,NA,WC,FO,RT,NA
R192136,1501,12515,TRES PALACIOS CREEK AT FM 521,00300,"OXYGEN, DISSOLVED (MG/L)",NA,8.82,10/18/2000,13:30:00,0.3,NA,NA,NA,NA,NA,WC,FO,RT,"SUNNY, WARM, CALM, NO TRAFFIC, H2O CLEAR GREEN.  PIG CARCASS NEAR THE DOCK IN THE WATER."
2798586,1501,12515,TRES PALACIOS CREEK AT FM 521,00300,"OXYGEN, DISSOLVED (MG/L)",NA,1.4,09/28/2005,11:54:00,1.52439,NA,NA,NA,NA,NA,WC,FO,RT,NA
R233275,1501,12515,TRES PALACIOS CREEK AT FM 521,00300,"OXYGEN, DISSOLVED (MG/L)",NA,9.4,04/26/2006,11:36:00,0.304878,NA,NA,NA,NA,NA,WC,FO,RT,NORTH WINDS APPX. 10 TO 15 MPH; PARTLY CLOUDY SKIES W/FRONT PASSING; WATER IS GREEN AND THERE ARE GEESE NEAR THE PIER.
R209221,1501,12515,TRES PALACIOS CREEK AT FM 521,00300,"OXYGEN, DISSOLVED (MG/L)",NA,5.04,03/25/2003,10:52:00,0.3,NA,NA,NA,NA,NA,WC,FO,RT,"M. CLOUDY, SW 15-20, WARM.  H20 LIGHT, MUDDY BROWN AND TURBID.  MODERATE BRIDGETRAFFIC."
13612699,1501,12515,TRES PALACIOS CREEK AT FM 521,00300,"OXYGEN, DISSOLVED (MG/L)",NA,10.3,01/07/2013,11:05:00,0.3,NA,NA,NA,NA,NA,WC,FO,RT,NA
13770494,1501,12515,TRES PALACIOS CREEK AT FM 521,00300,"OXYGEN, DISSOLVED (MG/L)",NA,10.8,06/11/2013,10:45:00,0.3,NA,NA,NA,NA,NA,WC,FO,RT,NA
L061824,1501,12515,TRES PALACIOS CREEK AT FM 521,00300,"OXYGEN, DISSOLVED (MG/L)",NA,5.96,11/06/2000,11:54:00,1,NA,NA,NA,NA,NA,LC,LC,RT,NA
L071236,1501,12515,TRES PALACIOS CREEK AT FM 521,00300,"OXYGEN, DISSOLVED (MG/L)",NA,9.01,01/02/2003,11:21:00,1.1,NA,NA,NA,NA,NA,LC,LC,RT,NA
L080888,1501,12515,TRES PALACIOS CREEK AT FM 521,00300,"OXYGEN, DISSOLVED (MG/L)",NA,9.43,07/05/2005,13:45:00,0.3,NA,NA,NA,NA,NA,LC,LC,RT,NA
L081482,1501,12515,TRES PALACIOS CREEK AT FM 521,00300,"OXYGEN, DISSOLVED (MG/L)",NA,1.34,09/01/2005,11:40:00,0.33,NA,NA,NA,NA,NA,LC,LC,RT,NA
13693423,1501,12515,TRES PALACIOS CREEK AT FM 521,00300,"OXYGEN, DISSOLVED (MG/L)",NA,4.6,04/03/2013,11:05:00,1.5,NA,NA,NA,NA,NA,WC,FO,RT,NA
L082721,1501,12515,TRES PALACIOS CREEK AT FM 521,00300,"OXYGEN, DISSOLVED (MG/L)",NA,8.67,01/10/2006,12:15:00,0.9,NA,NA,NA,NA,NA,LC,LC,RT,NA
10139016,1501,12515,TRES PALACIOS CREEK AT FM 521,00300,"OXYGEN, DISSOLVED (MG/L)",NA,10.3,12/16/2008,10:49:00,0.3,NA,NA,NA,NA,NA,WC,FO,RT,NA
11889017,1501,12515,TRES PALACIOS CREEK AT FM 521,00300,"OXYGEN, DISSOLVED (MG/L)",NA,4.4,09/09/2009,10:27:00,0.3,NA,NA,NA,NA,NA,WC,FO,RT,NA
14407845,1501,12515,TRES PALACIOS CREEK AT FM 521,00300,"OXYGEN, DISSOLVED (MG/L)",NA,2.8,10/02/2014,10:45:00,1.4,NA,NA,NA,NA,NA,WC,FO,RT,NA
R192141,1502,12517,TRES PALACIOS CREEK AT FM 456,00300,"OXYGEN, DISSOLVED (MG/L)",NA,5.74,06/14/2000,10:15:00,0.3,NA,NA,NA,NA,NA,WC,FO,RT,"PARTLY CLOUDY, BREEZY, SW WIND 10-15 MPH, H2O MUDDY BROWN."
R191243,1502,12517,TRES PALACIOS CREEK AT FM 456,00300,"OXYGEN, DISSOLVED (MG/L)",NA,7.96,10/17/2000,12:15:00,0.3,NA,NA,NA,NA,NA,WC,FO,RT,CLOUDY AND COOL.  H20 CLEAR GREEN AND CALM.  NO TRAFFIC.
R233831,1502,12517,TRES PALACIOS CREEK AT FM 456,00300,"OXYGEN, DISSOLVED (MG/L)",NA,7.4,06/14/2006,11:00:00,0.304878,NA,NA,NA,NA,NA,WC,FO,RT,"S WIND 1-5MPH. HOT, MOSTLY CLOUDY, LIGHT BRIDGE TRAFFIC. WATER BROWN AND TURBID. LOTS OF TRASH AND DEBRIS."
12484687,1502,12517,TRES PALACIOS CREEK AT FM 456,00300,"OXYGEN, DISSOLVED (MG/L)",NA,5.1,09/23/2010,09:47:00,0.3,NA,NA,NA,NA,NA,WC,FO,RT,NA
14413909,1502,12517,TRES PALACIOS CREEK AT FM 456,00300,"OXYGEN, DISSOLVED (MG/L)",NA,8.9,12/04/2014,10:39:00,0.2,NA,NA,NA,NA,NA,WC,FO,RT,NA
14551899,1502,12517,TRES PALACIOS CREEK AT FM 456,00300,"OXYGEN, DISSOLVED (MG/L)",NA,8.3,12/14/2016,10:35:00,0.04,NA,NA,NA,NA,NA,WC,FO,RT,NA
14578847,1502,12517,TRES PALACIOS CREEK AT FM 456,00300,"OXYGEN, DISSOLVED (MG/L)",NA,7.9,03/21/2017,11:13:00,0.3,NA,NA,NA,NA,NA,WC,FO,RT,NA
2657830,1501,15321,TRES PALACIOS TIDAL UPST FM521,00300,"OXYGEN, DISSOLVED (MG/L)",NA,4.14,08/03/2004,17:51:00,1.7,NA,NA,NA,NA,NA,PW,PW,TQ,NA
2657998,1501,15321,TRES PALACIOS TIDAL UPST FM521,00300,"OXYGEN, DISSOLVED (MG/L)",NA,2.17,11/03/2003,12:27:00,3.5,NA,NA,NA,NA,NA,PW,PW,TQ,NA
P008260,1501,15321,TRES PALACIOS TIDAL UPST FM521,00300,"OXYGEN, DISSOLVED (MG/L)",NA,5.4,05/12/2004,16:25:00,0.3,NA,NA,NA,NA,NA,PW,PW,TQ,NA
2657970,1501,15321,TRES PALACIOS TIDAL UPST FM521,00300,"OXYGEN, DISSOLVED (MG/L)",NA,0.25,09/22/2004,17:57:00,3.5,NA,NA,NA,NA,NA,PW,PW,TQ,NA
2657541,1501,17887,TRES PALACIOS TIDAL 1.4 KM UPSTREAM CONFLUENCE WILSON'S CREEK,00300,"OXYGEN, DISSOLVED (MG/L)",NA,4.37,03/22/2004,14:10:00,2.7,NA,NA,NA,NA,NA,PW,PW,TQ,NA
2657594,1501,17887,TRES PALACIOS TIDAL 1.4 KM UPSTREAM CONFLUENCE WILSON'S CREEK,00300,"OXYGEN, DISSOLVED (MG/L)",NA,4,04/07/2003,14:42:00,2.8,NA,NA,NA,NA,NA,PW,PW,TQ,NA
2657666,1501,17887,TRES PALACIOS TIDAL 1.4 KM UPSTREAM CONFLUENCE WILSON'S CREEK,00300,"OXYGEN, DISSOLVED (MG/L)",NA,5.18,05/07/2003,10:12:00,2.7,NA,NA,NA,NA,NA,PW,PW,TQ,NA
2657957,1501,17887,TRES PALACIOS TIDAL 1.4 KM UPSTREAM CONFLUENCE WILSON'S CREEK,00300,"OXYGEN, DISSOLVED (MG/L)",NA,5.82,09/22/2004,17:25:00,1.5,NA,NA,NA,NA,NA,PW,PW,TQ,NA
2657695,1501,17887,TRES PALACIOS TIDAL 1.4 KM UPSTREAM CONFLUENCE WILSON'S CREEK,00300,"OXYGEN, DISSOLVED (MG/L)",NA,5.65,05/12/2004,16:00:00,2.6,NA,NA,NA,NA,NA,PW,PW,TQ,Not possible to take bottom reading due to flow.  Water column mixed due to flood condition.
14520508,1501,12515,TRES PALACIOS CREEK AT FM 521,00300,"OXYGEN, DISSOLVED (MG/L)",NA,3.5,06/16/2016,11:13:00,1,NA,NA,NA,NA,NA,WC,FO,RT,NA
2045043,1501,12515,TRES PALACIOS CREEK AT FM 521,00300,"OXYGEN, DISSOLVED (MG/L)",NA,2.8,09/18/2001,08:30:00,1.22,NA,NA,NA,NA,NA,WC,FO,RT,NA
R200081,1501,12515,TRES PALACIOS CREEK AT FM 521,00300,"OXYGEN, DISSOLVED (MG/L)",NA,10.19,01/10/2002,09:17:00,0.3,NA,NA,NA,NA,NA,WC,FO,RT,"M. CLOUDY,  CALM, LOW TIDE.  H20 VERY TURBID AND BROWN."
R201391,1501,12515,TRES PALACIOS CREEK AT FM 521,00300,"OXYGEN, DISSOLVED (MG/L)",NA,9.29,03/26/2002,09:25:00,0.3,NA,NA,NA,NA,NA,WC,FO,RT,"CLOUDY, COLD, WINDY, WATER BROWN."
R202533,1501,12515,TRES PALACIOS CREEK AT FM 521,00300,"OXYGEN, DISSOLVED (MG/L)",NA,3.8,06/12/2002,10:55:00,0.3,NA,NA,NA,NA,NA,WC,FO,RT,"P. SUNNY, WIND S 8-10, WARM. WATER TEA STAINED. HIGH TIDE. SCATTERED SHOWERS INAREA"
R214568,1501,12515,TRES PALACIOS CREEK AT FM 521,00300,"OXYGEN, DISSOLVED (MG/L)",NA,9.8,12/11/2003,11:05:00,0.304878,NA,NA,NA,NA,NA,WC,FO,RT,"COOL, SUNNY. WATER BROWNISH GREEN. LIGHT BRIDGE TRAFFIC. SOME CONSTRUCTION ATDOCK."
14363157,1501,12515,TRES PALACIOS CREEK AT FM 521,00300,"OXYGEN, DISSOLVED (MG/L)",NA,10.6,03/05/2014,11:04:00,0.3,NA,NA,NA,NA,NA,WC,FO,RT,NA
13329582,1501,12515,TRES PALACIOS CREEK AT FM 521,00300,"OXYGEN, DISSOLVED (MG/L)",NA,2.6,07/05/2012,11:02:00,1.8,NA,NA,NA,NA,NA,WC,FO,RT,NA
13770496,1501,12515,TRES PALACIOS CREEK AT FM 521,00300,"OXYGEN, DISSOLVED (MG/L)",NA,2.8,06/11/2013,10:45:00,1.5,NA,NA,NA,NA,NA,WC,FO,RT,NA
14118238,1501,12515,TRES PALACIOS CREEK AT FM 521,00300,"OXYGEN, DISSOLVED (MG/L)",NA,4.6,10/02/2013,11:40:00,0.3,NA,NA,NA,NA,NA,WC,FO,RT,NA
14118239,1501,12515,TRES PALACIOS CREEK AT FM 521,00300,"OXYGEN, DISSOLVED (MG/L)",NA,3.6,10/02/2013,11:40:00,0.8,NA,NA,NA,NA,NA,WC,FO,RT,NA
14118240,1501,12515,TRES PALACIOS CREEK AT FM 521,00300,"OXYGEN, DISSOLVED (MG/L)",NA,2.2,10/02/2013,11:40:00,1.3,NA,NA,NA,NA,NA,WC,FO,RT,NA
14391930,1501,12515,TRES PALACIOS CREEK AT FM 521,00300,"OXYGEN, DISSOLVED (MG/L)",NA,6.4,06/17/2014,11:18:00,1,NA,NA,NA,NA,NA,WC,FO,RT,NA
L062858,1501,12515,TRES PALACIOS CREEK AT FM 521,00300,"OXYGEN, DISSOLVED (MG/L)",NA,8.22,03/01/2001,09:43:00,0.3,NA,NA,NA,NA,NA,LC,LC,RT,NA
L077904,1501,12515,TRES PALACIOS CREEK AT FM 521,00300,"OXYGEN, DISSOLVED (MG/L)",NA,2.42,09/14/2004,13:50:00,1.7,NA,NA,NA,NA,NA,LC,LC,RT,NA
L058897,1501,12515,TRES PALACIOS CREEK AT FM 521,00300,"OXYGEN, DISSOLVED (MG/L)",NA,6.41,03/16/2000,12:00:00,1,NA,NA,NA,NA,NA,LC,XX,RT,NA
L074930,1501,12515,TRES PALACIOS CREEK AT FM 521,00300,"OXYGEN, DISSOLVED (MG/L)",NA,9.13,11/03/2003,12:08:00,0.33,NA,NA,NA,NA,NA,LC,LC,RT,NA
L082720,1501,12515,TRES PALACIOS CREEK AT FM 521,00300,"OXYGEN, DISSOLVED (MG/L)",NA,8.72,01/10/2006,12:15:00,0.3,NA,NA,NA,NA,NA,LC,LC,RT,NA
L086923,1501,12515,TRES PALACIOS CREEK AT FM 521,00300,"OXYGEN, DISSOLVED (MG/L)",NA,5.8,05/08/2007,12:20:00,0.3,NA,NA,NA,NA,NA,LC,LC,RT,NA
10111649,1501,12515,TRES PALACIOS CREEK AT FM 521,00300,"OXYGEN, DISSOLVED (MG/L)",NA,3,07/02/2008,11:18:00,1.8,NA,NA,NA,NA,NA,WC,FO,RT,Entero sample - 120 cfu. 
12069486,1501,12515,TRES PALACIOS CREEK AT FM 521,00300,"OXYGEN, DISSOLVED (MG/L)",NA,8.1,03/10/2010,11:00:00,0.3,NA,NA,NA,NA,NA,WC,FO,RT,NA
14551902,1501,12515,TRES PALACIOS CREEK AT FM 521,00300,"OXYGEN, DISSOLVED (MG/L)",NA,7.9,12/14/2016,11:06:00,0.3,NA,NA,NA,NA,NA,WC,FO,RT,NA
14578836,1501,12515,TRES PALACIOS CREEK AT FM 521,00300,"OXYGEN, DISSOLVED (MG/L)",NA,5.9,03/21/2017,11:47:00,0.3,NA,NA,NA,NA,NA,WC,FO,RT,NA
14539388,1501,12515,TRES PALACIOS CREEK AT FM 521,00300,"OXYGEN, DISSOLVED (MG/L)",NA,6.1,09/28/2016,10:58:00,0.3,NA,NA,NA,NA,NA,WC,FO,RT,NA
R194025,1502,12517,TRES PALACIOS CREEK AT FM 456,00300,"OXYGEN, DISSOLVED (MG/L)",NA,10.35,12/20/2000,08:50:00,0.3,NA,NA,NA,NA,NA,WC,FO,RT,"H20 GREEN, COLD, SE 8-12, SUNNY."
14342008,1502,12517,TRES PALACIOS CREEK AT FM 456,00300,"OXYGEN, DISSOLVED (MG/L)",NA,11.9,12/12/2013,10:49:00,0.15,NA,NA,NA,NA,NA,WC,FO,RT,NA
13513175,1502,12517,TRES PALACIOS CREEK AT FM 456,00300,"OXYGEN, DISSOLVED (MG/L)",NA,7.3,09/27/2012,11:00:00,0.3,NA,NA,NA,NA,NA,WC,FO,RT,NA
10054867,1502,12517,TRES PALACIOS CREEK AT FM 456,00300,"OXYGEN, DISSOLVED (MG/L)",NA,8.6,10/01/2007,11:10:00,0.3,NA,NA,NA,NA,NA,WC,FO,RT,NA
14407841,1502,12517,TRES PALACIOS CREEK AT FM 456,00300,"OXYGEN, DISSOLVED (MG/L)",NA,6.5,10/02/2014,10:15:00,0.1,NA,NA,NA,NA,NA,WC,FO,RT,NA
2657785,1501,15321,TRES PALACIOS TIDAL UPST FM521,00300,"OXYGEN, DISSOLVED (MG/L)",NA,4.81,07/06/2004,18:19:00,1.5,NA,NA,NA,NA,NA,PW,PW,TQ,NA
2657724,1501,15321,TRES PALACIOS TIDAL UPST FM521,00300,"OXYGEN, DISSOLVED (MG/L)",NA,4.72,06/23/2003,13:45:00,1.8,NA,NA,NA,NA,NA,PW,PW,TQ,NA
P008189,1501,15321,TRES PALACIOS TIDAL UPST FM521,00300,"OXYGEN, DISSOLVED (MG/L)",NA,6.18,08/04/2003,13:37:00,0.3,NA,NA,NA,NA,NA,PW,PW,TQ,NA
2657863,1501,15321,TRES PALACIOS TIDAL UPST FM521,00300,"OXYGEN, DISSOLVED (MG/L)",NA,3.58,08/04/2003,13:37:00,3.3,NA,NA,NA,NA,NA,PW,PW,TQ,NA
2657660,1501,17887,TRES PALACIOS TIDAL 1.4 KM UPSTREAM CONFLUENCE WILSON'S CREEK,00300,"OXYGEN, DISSOLVED (MG/L)",NA,5.21,05/07/2003,10:12:00,1.3,NA,NA,NA,NA,NA,PW,PW,TQ,NA
2658056,1501,17887,TRES PALACIOS TIDAL 1.4 KM UPSTREAM CONFLUENCE WILSON'S CREEK,00300,"OXYGEN, DISSOLVED (MG/L)",NA,6.29,11/08/2004,15:50:00,1.5,NA,NA,NA,NA,NA,PW,PW,TQ,NA
L100860,1501,20636,TRES PALACIOS RIVER 260 METERS SOUTH AND 90 METERS EAST FROM THE INTERSECTION OF LIVE OAK BOULEVARD AND RIVERSIDE DRIVE,00300,"OXYGEN, DISSOLVED (MG/L)",NA,5.2,11/17/2010,08:40:00,0.3,NA,NA,NA,NA,NA,LC,LC,RT,NA
L104414,1501,20636,TRES PALACIOS RIVER 260 METERS SOUTH AND 90 METERS EAST FROM THE INTERSECTION OF LIVE OAK BOULEVARD AND RIVERSIDE DRIVE,00300,"OXYGEN, DISSOLVED (MG/L)",NA,7.8,11/01/2011,12:00:00,0.3,NA,NA,NA,NA,NA,LC,LC,RT,NA
L102147,1501,20636,TRES PALACIOS RIVER 260 METERS SOUTH AND 90 METERS EAST FROM THE INTERSECTION OF LIVE OAK BOULEVARD AND RIVERSIDE DRIVE,00300,"OXYGEN, DISSOLVED (MG/L)",NA,10.9,03/07/2011,11:55:00,0.3,NA,NA,NA,NA,NA,LC,LC,RT,NA
14520507,1501,12515,TRES PALACIOS CREEK AT FM 521,00300,"OXYGEN, DISSOLVED (MG/L)",NA,4.2,06/16/2016,11:13:00,0.3,NA,NA,NA,NA,NA,WC,FO,RT,NA
R198132,1501,12515,TRES PALACIOS CREEK AT FM 521,00300,"OXYGEN, DISSOLVED (MG/L)",NA,2.33,09/18/2001,08:30:00,0.3,NA,NA,NA,NA,NA,WC,FO,RT,"SUNNY, CALM, HIGH TIDE, H2O CLEAR COFFEE/TEA COLOR (DARK).  DEAD ALLIGATOR JUSTUPSTREAM OF SAMPLE SITE IN THE WATER."
R218186,1501,12515,TRES PALACIOS CREEK AT FM 521,00300,"OXYGEN, DISSOLVED (MG/L)",NA,3.4,06/16/2004,11:18:00,0.304878,NA,NA,NA,NA,NA,WC,FO,RT,"RAINING, WATER BROWN, BIRDS, SOME DEBRIS IN WATER"
R225460,1501,12515,TRES PALACIOS CREEK AT FM 521,00300,"OXYGEN, DISSOLVED (MG/L)",NA,3.6,06/22/2005,10:53:00,0.304878,NA,NA,NA,NA,NA,WC,FO,RT,"WINDS SE AT 3 - 5 MPH. MOSTLY CLEAR SKIES, WATER TURBID BROWN, MUDDY W/LIGHT BRIDGE TRAFFIC. SWALLOWS PRESENT."
R227153,1501,12515,TRES PALACIOS CREEK AT FM 521,00300,"OXYGEN, DISSOLVED (MG/L)",NA,4.6,09/28/2005,11:54:00,0.304878,NA,NA,NA,NA,NA,WC,FO,RT,"SE WIND 5-10, 20% CLOUD COVER, HOT AND HUMID. H2O TEA STAINED AND TURBID. TIDE IN."
R229517,1501,12515,TRES PALACIOS CREEK AT FM 521,00300,"OXYGEN, DISSOLVED (MG/L)",NA,12,01/04/2006,11:50:00,0.304878,NA,NA,NA,NA,NA,WC,FO,RT,"WD NORTHWEST @ 5-10 MPH. HEAVY CLOUDS. WATER COLOR GRAY-GREEN. LIGHT BRIDGE TRAFFIC. WARM, LOW TIDE."
R211261,1501,12515,TRES PALACIOS CREEK AT FM 521,00300,"OXYGEN, DISSOLVED (MG/L)",NA,8.4,06/24/2003,11:40:00,0.3,NA,NA,NA,NA,NA,WC,FO,RT,"LAB DUP ENTERO WAS 30.  WATER GREEN.  PARTLY CLOUDY, HOT AND HUMID."
R212883,1501,12515,TRES PALACIOS CREEK AT FM 521,00300,"OXYGEN, DISSOLVED (MG/L)",NA,4.3,09/23/2003,10:59:00,0.3,NA,NA,NA,NA,NA,WC,FO,RT,"M. SUNNY, LIGHT BREEZE, WARM. H20 BROWN AND VERY TURBID. LIGHT BRIDGE TRAFFIC."
13195585,1501,12515,TRES PALACIOS CREEK AT FM 521,00300,"OXYGEN, DISSOLVED (MG/L)",NA,10.6,01/04/2012,10:44:00,0.3,NA,NA,NA,NA,NA,WC,FO,RT,NA
13329580,1501,12515,TRES PALACIOS CREEK AT FM 521,00300,"OXYGEN, DISSOLVED (MG/L)",NA,3.7,07/05/2012,11:02:00,0.3,NA,NA,NA,NA,NA,WC,FO,RT,NA
L062359,1501,12515,TRES PALACIOS CREEK AT FM 521,00300,"OXYGEN, DISSOLVED (MG/L)",NA,10.6,01/04/2001,11:21:00,0.2,NA,NA,NA,NA,NA,LC,LC,RT,NA
L059859,1501,12515,TRES PALACIOS CREEK AT FM 521,00300,"OXYGEN, DISSOLVED (MG/L)",NA,4.48,07/11/2000,11:52:00,1.8,NA,NA,NA,NA,NA,LC,XX,RT,NA
L070610,1501,12515,TRES PALACIOS CREEK AT FM 521,00300,"OXYGEN, DISSOLVED (MG/L)",NA,7.89,11/05/2002,12:47:00,0.3,NA,NA,NA,NA,NA,LC,LC,RT,NA
L068914,1501,12515,TRES PALACIOS CREEK AT FM 521,00300,"OXYGEN, DISSOLVED (MG/L)",NA,4.93,05/09/2002,12:32:00,1,NA,NA,NA,NA,NA,LC,LC,RT,NA
L072425,1501,12515,TRES PALACIOS CREEK AT FM 521,00300,"OXYGEN, DISSOLVED (MG/L)",NA,4.91,05/07/2003,11:45:00,1.3,NA,NA,NA,NA,NA,LC,LC,RT,NA
L075058,1501,12515,TRES PALACIOS CREEK AT FM 521,00300,"OXYGEN, DISSOLVED (MG/L)",NA,9.18,03/09/2004,12:00:00,0.33,NA,NA,NA,NA,NA,LC,LC,RT,NA
L077903,1501,12515,TRES PALACIOS CREEK AT FM 521,00300,"OXYGEN, DISSOLVED (MG/L)",NA,9.29,09/14/2004,13:50:00,0.33,NA,NA,NA,NA,NA,LC,LC,RT,NA
L078483,1501,12515,TRES PALACIOS CREEK AT FM 521,00300,"OXYGEN, DISSOLVED (MG/L)",NA,6.81,11/10/2004,12:15:00,0.33,NA,NA,NA,NA,NA,LC,LC,RT,NA
L083338,1501,12515,TRES PALACIOS CREEK AT FM 521,00300,"OXYGEN, DISSOLVED (MG/L)",NA,9.37,03/06/2006,12:45:00,0.33,NA,NA,NA,NA,NA,LC,LC,RT,NA
L073021,1501,12515,TRES PALACIOS CREEK AT FM 521,00300,"OXYGEN, DISSOLVED (MG/L)",NA,7.57,07/02/2003,11:55:00,0.3,NA,NA,NA,NA,NA,LC,LC,RT,NA
L076393,1501,12515,TRES PALACIOS CREEK AT FM 521,00300,"OXYGEN, DISSOLVED (MG/L)",NA,6.43,05/04/2004,12:30:00,0.34,NA,NA,NA,NA,NA,LC,LC,RT,NA
10097999,1501,12515,TRES PALACIOS CREEK AT FM 521,00300,"OXYGEN, DISSOLVED (MG/L)",NA,6.9,03/25/2008,11:05:00,0.3,NA,NA,NA,NA,NA,WC,FO,RT,NA
L091469,1501,12515,TRES PALACIOS CREEK AT FM 521,00300,"OXYGEN, DISSOLVED (MG/L)",NA,6.3,07/15/2008,11:55:00,0.3,NA,NA,NA,NA,NA,LC,LC,RT,NA
10167915,1501,12515,TRES PALACIOS CREEK AT FM 521,00300,"OXYGEN, DISSOLVED (MG/L)",NA,10.9,03/18/2009,10:40:00,0.3,NA,NA,NA,NA,NA,WC,FO,RT,NA
12331797,1501,12515,TRES PALACIOS CREEK AT FM 521,00300,"OXYGEN, DISSOLVED (MG/L)",NA,3,06/28/2010,10:26:00,1.4,NA,NA,NA,NA,NA,WC,FO,RT,NA
12663211,1501,12515,TRES PALACIOS CREEK AT FM 521,00300,"OXYGEN, DISSOLVED (MG/L)",NA,9,12/16/2010,10:43:00,0.9,NA,NA,NA,NA,NA,WC,FO,RT,NA
14595139,1501,12515,TRES PALACIOS CREEK AT FM 521,00300,"OXYGEN, DISSOLVED (MG/L)",NA,4.4,06/15/2017,11:43:00,0.3,NA,NA,NA,NA,NA,WC,FO,RT,NA
14595141,1501,12515,TRES PALACIOS CREEK AT FM 521,00300,"OXYGEN, DISSOLVED (MG/L)",NA,3.8,06/15/2017,11:43:00,2,NA,NA,NA,NA,NA,WC,FO,RT,NA
14444850,1502,12517,TRES PALACIOS CREEK AT FM 456,00300,"OXYGEN, DISSOLVED (MG/L)",NA,7.7,03/17/2015,11:00:00,0.15,NA,NA,NA,NA,NA,WC,FO,RT,NA
14504941,1502,12517,TRES PALACIOS CREEK AT FM 456,00300,"OXYGEN, DISSOLVED (MG/L)",NA,9.2,04/06/2016,10:56:00,0.14,NA,NA,NA,NA,NA,WC,FO,RT,NA
14507330,1502,12517,TRES PALACIOS CREEK AT FM 456,00300,"OXYGEN, DISSOLVED (MG/L)",NA,13.3,02/10/2016,11:36:00,0.3,NA,NA,NA,NA,NA,WC,FO,RT,NA
R201390,1502,12517,TRES PALACIOS CREEK AT FM 456,00300,"OXYGEN, DISSOLVED (MG/L)",NA,9.28,03/26/2002,08:50:00,0.3,NA,NA,NA,NA,NA,WC,FO,RT,"COLD, WINDY, OVERCAST.  SOME APPLIANCES, TIRES, AND A REAL ESTATE SIGN IN CREEK.  WATER BROWN."
2477854,1502,12517,TRES PALACIOS CREEK AT FM 456,00300,"OXYGEN, DISSOLVED (MG/L)",NA,5.4,09/23/2003,10:27:00,2.28659,NA,NA,NA,NA,NA,WC,FO,RT,NA
R229515,1502,12517,TRES PALACIOS CREEK AT FM 456,00300,"OXYGEN, DISSOLVED (MG/L)",NA,12,01/04/2006,11:25:00,0.304878,NA,NA,NA,NA,NA,WC,FO,RT,"WD NORTHWEST @ 5-10 MPH. OVERCAST, COOL. WATER VERY GREEN, ANTIFREEZE COLOR. SOME TRASH/DEBRIS UNDER BRIDGE."
R233274,1502,12517,TRES PALACIOS CREEK AT FM 456,00300,"OXYGEN, DISSOLVED (MG/L)",NA,7.1,04/26/2006,10:55:00,0.304878,NA,NA,NA,NA,NA,WC,FO,RT,NORTH WINDS APPX. 10 TO 15 MPH; PARTLY CLOUDY SKIES W/A FRONT PASSING; WATER ISMURCKY GREENISH/GRAY.
14118242,1502,12517,TRES PALACIOS CREEK AT FM 456,00300,"OXYGEN, DISSOLVED (MG/L)",NA,6.4,10/02/2013,11:05:00,0.2,NA,NA,NA,NA,NA,WC,FO,RT,NA
13693419,1502,12517,TRES PALACIOS CREEK AT FM 456,00300,"OXYGEN, DISSOLVED (MG/L)",NA,7.9,04/03/2013,10:35:00,0.3,NA,NA,NA,NA,NA,WC,FO,RT,NA
10035889,1502,12517,TRES PALACIOS CREEK AT FM 456,00300,"OXYGEN, DISSOLVED (MG/L)",NA,5.4,07/11/2007,10:50:00,0.3,NA,NA,NA,NA,NA,WC,FO,RT,NA
12069484,1502,12517,TRES PALACIOS CREEK AT FM 456,00300,"OXYGEN, DISSOLVED (MG/L)",NA,8,03/10/2010,10:30:00,0.3,NA,NA,NA,NA,NA,WC,FO,RT,NA
2657794,1501,15321,TRES PALACIOS TIDAL UPST FM521,00300,"OXYGEN, DISSOLVED (MG/L)",NA,3.32,07/06/2004,18:19:00,3,NA,NA,NA,NA,NA,PW,PW,TQ,NA
P008150,1501,15321,TRES PALACIOS TIDAL UPST FM521,00300,"OXYGEN, DISSOLVED (MG/L)",NA,6.04,05/07/2003,09:32:00,0.3,NA,NA,NA,NA,NA,PW,PW,TQ,NA
2657855,1501,15321,TRES PALACIOS TIDAL UPST FM521,00300,"OXYGEN, DISSOLVED (MG/L)",NA,3.55,08/04/2003,13:37:00,1.6,NA,NA,NA,NA,NA,PW,PW,TQ,NA
P008215,1501,15321,TRES PALACIOS TIDAL UPST FM521,00300,"OXYGEN, DISSOLVED (MG/L)",NA,4.69,09/22/2003,12:35:00,0.3,NA,NA,NA,NA,NA,PW,PW,TQ,NA
P008288,1501,17887,TRES PALACIOS TIDAL 1.4 KM UPSTREAM CONFLUENCE WILSON'S CREEK,00300,"OXYGEN, DISSOLVED (MG/L)",NA,8.48,08/03/2004,17:24:00,0.3,NA,NA,NA,NA,NA,PW,PW,TQ,? Days since last significant rainfall; flow severity - no flow
2657588,1501,17887,TRES PALACIOS TIDAL 1.4 KM UPSTREAM CONFLUENCE WILSON'S CREEK,00300,"OXYGEN, DISSOLVED (MG/L)",NA,3.96,04/07/2003,14:42:00,1.6,NA,NA,NA,NA,NA,PW,PW,TQ,NA
P008149,1501,17887,TRES PALACIOS TIDAL 1.4 KM UPSTREAM CONFLUENCE WILSON'S CREEK,00300,"OXYGEN, DISSOLVED (MG/L)",NA,5.46,05/07/2003,10:12:00,0.3,NA,NA,NA,NA,NA,PW,PW,TQ,NA
2657854,1501,17887,TRES PALACIOS TIDAL 1.4 KM UPSTREAM CONFLUENCE WILSON'S CREEK,00300,"OXYGEN, DISSOLVED (MG/L)",NA,2.42,08/04/2003,14:13:00,1.7,NA,NA,NA,NA,NA,PW,PW,TQ,NA
2657997,1501,17887,TRES PALACIOS TIDAL 1.4 KM UPSTREAM CONFLUENCE WILSON'S CREEK,00300,"OXYGEN, DISSOLVED (MG/L)",NA,1.48,11/03/2003,12:50:00,3.3,NA,NA,NA,NA,NA,PW,PW,TQ,NA
P008220,1501,17887,TRES PALACIOS TIDAL 1.4 KM UPSTREAM CONFLUENCE WILSON'S CREEK,00300,"OXYGEN, DISSOLVED (MG/L)",NA,6.39,11/03/2003,12:50:00,0.3,NA,NA,NA,NA,NA,PW,PW,TQ,NA
2657969,1501,17887,TRES PALACIOS TIDAL 1.4 KM UPSTREAM CONFLUENCE WILSON'S CREEK,00300,"OXYGEN, DISSOLVED (MG/L)",NA,0.16,09/22/2004,17:25:00,3,NA,NA,NA,NA,NA,PW,PW,TQ,NA
P008214,1501,17887,TRES PALACIOS TIDAL 1.4 KM UPSTREAM CONFLUENCE WILSON'S CREEK,00300,"OXYGEN, DISSOLVED (MG/L)",NA,8.24,09/22/2003,13:15:00,0.3,NA,NA,NA,NA,NA,PW,PW,TQ,NA
L105048,1501,20636,TRES PALACIOS RIVER 260 METERS SOUTH AND 90 METERS EAST FROM THE INTERSECTION OF LIVE OAK BOULEVARD AND RIVERSIDE DRIVE,00300,"OXYGEN, DISSOLVED (MG/L)",NA,7.1,01/12/2012,09:55:00,0.3,NA,NA,NA,NA,NA,LC,LC,RT,NA
L100257,1501,20636,TRES PALACIOS RIVER 260 METERS SOUTH AND 90 METERS EAST FROM THE INTERSECTION OF LIVE OAK BOULEVARD AND RIVERSIDE DRIVE,00300,"OXYGEN, DISSOLVED (MG/L)",NA,3.6,09/08/2010,11:15:00,0.3,NA,NA,NA,NA,NA,LC,LC,RT,NA
14504943,1501,12515,TRES PALACIOS CREEK AT FM 521,00300,"OXYGEN, DISSOLVED (MG/L)",NA,11.2,04/06/2016,11:33:00,0.3,NA,NA,NA,NA,NA,WC,FO,RT,NA
R187914,1501,12515,TRES PALACIOS CREEK AT FM 521,00300,"OXYGEN, DISSOLVED (MG/L)",NA,6.7,03/14/2000,09:50:00,0.3,NA,NA,NA,NA,NA,WC,FO,RT,"RAINING, CHILLY, WINDY.  WATER MUDDY BROWN.  LOW TIDE."
R192139,1501,12515,TRES PALACIOS CREEK AT FM 521,00300,"OXYGEN, DISSOLVED (MG/L)",NA,4.86,06/15/2000,10:45:00,0.3,NA,NA,NA,NA,NA,WC,FO,RT,"PARTLY CLOUDY, SW WIND 10 -15 MPH, H2O MUDDY BROWN, HIGH TIDE, RECENT RAINS IN THE AREA."
R195801,1501,12515,TRES PALACIOS CREEK AT FM 521,00300,"OXYGEN, DISSOLVED (MG/L)",NA,5.97,06/21/2001,10:20:00,0.3,NA,NA,NA,NA,NA,WC,FO,RT,"SUNNY, HOT, H2O GREENISH BROWN.  LIGHT TRAFFIC.  HIGH TIDE.  SURFACE SCUM PRESENT."
R216639,1501,12515,TRES PALACIOS CREEK AT FM 521,00300,"OXYGEN, DISSOLVED (MG/L)",NA,9.3,03/18/2004,10:35:00,0.304878,NA,NA,NA,NA,NA,WC,FO,RT,"CLOUDY, BREEZY, COOL, WATER BROWNISH"
R223917,1501,12515,TRES PALACIOS CREEK AT FM 521,00300,"OXYGEN, DISSOLVED (MG/L)",NA,6.3,03/15/2005,12:05:00,0.304878,NA,NA,NA,NA,NA,WC,FO,RT,"WD NORTH @ 10-12 MPH. 100% CLOUD COVER, COOL, OVERCAST. WATER BROWN, MILKY TURBID. DUE TO BOAT TRAILER PROBLEMS NO BACTERIOLOGICAL DATA BECAUSE HOLD TIMES WEREEXCEEDED."
2477858,1501,12515,TRES PALACIOS CREEK AT FM 521,00300,"OXYGEN, DISSOLVED (MG/L)",NA,4.3,09/23/2003,10:59:00,1.52,NA,NA,NA,NA,NA,WC,FO,RT,NA
13612700,1501,12515,TRES PALACIOS CREEK AT FM 521,00300,"OXYGEN, DISSOLVED (MG/L)",NA,10.7,01/07/2013,11:05:00,1,NA,NA,NA,NA,NA,WC,FO,RT,NA
14342004,1501,12515,TRES PALACIOS CREEK AT FM 521,00300,"OXYGEN, DISSOLVED (MG/L)",NA,11.3,12/12/2013,11:15:00,0.3,NA,NA,NA,NA,NA,WC,FO,RT,NA
13513178,1501,12515,TRES PALACIOS CREEK AT FM 521,00300,"OXYGEN, DISSOLVED (MG/L)",NA,10.2,09/27/2012,11:34:00,0.9,NA,NA,NA,NA,NA,WC,FO,RT,NA
13513179,1501,12515,TRES PALACIOS CREEK AT FM 521,00300,"OXYGEN, DISSOLVED (MG/L)",NA,1.1,09/27/2012,11:34:00,1.6,NA,NA,NA,NA,NA,WC,FO,RT,NA
14391931,1501,12515,TRES PALACIOS CREEK AT FM 521,00300,"OXYGEN, DISSOLVED (MG/L)",NA,6,06/17/2014,11:18:00,1.7,NA,NA,NA,NA,NA,WC,FO,RT,NA
L059318,1501,12515,TRES PALACIOS CREEK AT FM 521,00300,"OXYGEN, DISSOLVED (MG/L)",NA,4.42,05/03/2000,13:20:00,1,NA,NA,NA,NA,NA,LC,XX,RT,NA
L071043,1501,12515,TRES PALACIOS CREEK AT FM 521,00300,"OXYGEN, DISSOLVED (MG/L)",NA,8.56,03/05/2003,11:20:00,1,NA,NA,NA,NA,NA,LC,LC,RT,NA
L077312,1501,12515,TRES PALACIOS CREEK AT FM 521,00300,"OXYGEN, DISSOLVED (MG/L)",NA,2.99,07/13/2004,11:55:00,1.75,NA,NA,NA,NA,NA,LC,LC,RT,NA
L079631,1501,12515,TRES PALACIOS CREEK AT FM 521,00300,"OXYGEN, DISSOLVED (MG/L)",NA,7.07,05/10/2005,12:15:00,0.3,NA,NA,NA,NA,NA,LC,LC,RT,NA
L083903,1501,12515,TRES PALACIOS CREEK AT FM 521,00300,"OXYGEN, DISSOLVED (MG/L)",NA,11.16,05/17/2006,12:30:00,0.33,NA,NA,NA,NA,NA,LC,LC,RT,NA
L073022,1501,12515,TRES PALACIOS CREEK AT FM 521,00300,"OXYGEN, DISSOLVED (MG/L)",NA,4.6,07/02/2003,11:57:00,1,NA,NA,NA,NA,NA,LC,LC,RT,NA
L080758,1501,12515,TRES PALACIOS CREEK AT FM 521,00300,"OXYGEN, DISSOLVED (MG/L)",NA,10.2,01/06/2005,10:10:00,0.3,NA,NA,NA,NA,NA,LC,LC,RT,NA
L085469,1501,12515,TRES PALACIOS CREEK AT FM 521,00300,"OXYGEN, DISSOLVED (MG/L)",NA,8.1,01/02/2007,12:35:00,0.3,NA,NA,NA,NA,NA,LC,LC,RT,NA
10014131,1501,12515,TRES PALACIOS CREEK AT FM 521,00300,"OXYGEN, DISSOLVED (MG/L)",NA,2.9,09/27/2006,11:22:00,1.2,NA,NA,NA,NA,NA,WC,FO,RT,NA
10035892,1501,12515,TRES PALACIOS CREEK AT FM 521,00300,"OXYGEN, DISSOLVED (MG/L)",NA,4.1,07/11/2007,11:20:00,0.3,NA,NA,NA,NA,NA,WC,FO,RT,NA
L086380,1501,12515,TRES PALACIOS CREEK AT FM 521,00300,"OXYGEN, DISSOLVED (MG/L)",NA,12,03/05/2007,12:50:00,0.3,NA,NA,NA,NA,NA,LC,LC,RT,NA
10091822,1501,12515,TRES PALACIOS CREEK AT FM 521,00300,"OXYGEN, DISSOLVED (MG/L)",NA,8.9,12/19/2007,11:30:00,0.3,NA,NA,NA,NA,NA,WC,FO,RT,NA
L087695,1501,12515,TRES PALACIOS CREEK AT FM 521,00300,"OXYGEN, DISSOLVED (MG/L)",NA,3.4,09/05/2007,12:05:00,0.3,NA,NA,NA,NA,NA,LC,LC,RT,NA
10098000,1501,12515,TRES PALACIOS CREEK AT FM 521,00300,"OXYGEN, DISSOLVED (MG/L)",NA,6.8,03/25/2008,11:05:00,1.2,NA,NA,NA,NA,NA,WC,FO,RT,NA
10111648,1501,12515,TRES PALACIOS CREEK AT FM 521,00300,"OXYGEN, DISSOLVED (MG/L)",NA,5,07/02/2008,11:18:00,0.91,NA,NA,NA,NA,NA,WC,FO,RT,Entero sample - 120 cfu. 
11889019,1501,12515,TRES PALACIOS CREEK AT FM 521,00300,"OXYGEN, DISSOLVED (MG/L)",NA,3.1,09/09/2009,10:27:00,1.5,NA,NA,NA,NA,NA,WC,FO,RT,NA
11987230,1501,12515,TRES PALACIOS CREEK AT FM 521,00300,"OXYGEN, DISSOLVED (MG/L)",NA,9.3,01/13/2010,10:15:00,0.3,NA,NA,NA,NA,NA,WC,FO,RT,NA
12808786,1501,12515,TRES PALACIOS CREEK AT FM 521,00300,"OXYGEN, DISSOLVED (MG/L)",NA,9.4,03/16/2011,10:22:00,0.3,NA,NA,NA,NA,NA,WC,FO,RT,NA
12808787,1501,12515,TRES PALACIOS CREEK AT FM 521,00300,"OXYGEN, DISSOLVED (MG/L)",NA,8.8,03/16/2011,10:22:00,0.7,NA,NA,NA,NA,NA,WC,FO,RT,NA
12897523,1501,12515,TRES PALACIOS CREEK AT FM 521,00300,"OXYGEN, DISSOLVED (MG/L)",NA,1.7,06/01/2011,10:10:00,1.9,NA,NA,NA,NA,NA,WC,FO,RT,NA
14407844,1501,12515,TRES PALACIOS CREEK AT FM 521,00300,"OXYGEN, DISSOLVED (MG/L)",NA,3.4,10/02/2014,10:45:00,0.9,NA,NA,NA,NA,NA,WC,FO,RT,NA
14595140,1501,12515,TRES PALACIOS CREEK AT FM 521,00300,"OXYGEN, DISSOLVED (MG/L)",NA,3.8,06/15/2017,11:43:00,1.2,NA,NA,NA,NA,NA,WC,FO,RT,NA
14551904,1501,12515,TRES PALACIOS CREEK AT FM 521,00300,"OXYGEN, DISSOLVED (MG/L)",NA,7.9,12/14/2016,11:06:00,0.8,NA,NA,NA,NA,NA,WC,FO,RT,NA
R200079,1502,12517,TRES PALACIOS CREEK AT FM 456,00300,"OXYGEN, DISSOLVED (MG/L)",NA,11.1,01/10/2002,08:45:00,0.3,NA,NA,NA,NA,NA,WC,FO,RT,"PTLY CLOUDY, CALM, WAT\RM, MUGGY.  H2O BROWN AND TURBID.  TWO LARGE PATCHES OF FOAM UPSTREAM FROM BRIDGE.  LARGE LOAD OF USED DIAPERS ON BRIDGE AT SAMPLE LOCATION."
R226112,1502,12517,TRES PALACIOS CREEK AT FM 456,00300,"OXYGEN, DISSOLVED (MG/L)",NA,6.4,08/14/2002,10:45:00,0.304878,NA,NA,NA,NA,NA,WC,FO,RT,"OVERCAST, RAINING. WATER GREENISH BROWN."
2477852,1502,12517,TRES PALACIOS CREEK AT FM 456,00300,"OXYGEN, DISSOLVED (MG/L)",NA,5.3,09/23/2003,10:27:00,1.52439,NA,NA,NA,NA,NA,WC,FO,RT,NA
R216644,1502,12517,TRES PALACIOS CREEK AT FM 456,00300,"OXYGEN, DISSOLVED (MG/L)",NA,7.4,03/18/2004,10:04:00,0.304878,NA,NA,NA,NA,NA,WC,FO,RT,"CLOUDY, BREEZY, COOL, BROWNISH WATER, TURBID, SMALL AMOUNT OF TRASH IN WATER ANDON BANK"
R218189,1502,12517,TRES PALACIOS CREEK AT FM 456,00300,"OXYGEN, DISSOLVED (MG/L)",NA,7.5,06/16/2004,10:50:00,0.304878,NA,NA,NA,NA,NA,WC,FO,RT,"RAINING, WINDS 10-15 MPH, WATER BROWN, LOTS OF DEBRIS/FLOATING VEGETATION IN WATER"
R220646,1502,12517,TRES PALACIOS CREEK AT FM 456,00300,"OXYGEN, DISSOLVED (MG/L)",NA,6.5,10/18/2004,11:25:00,0.304878,NA,NA,NA,NA,NA,WC,FO,RT,"OVERCAST, HOT, WINDY, SW 10-15 MPH, WATER BROWN AND TURBID, RECENT HIGH FLOW, SOFTSHELL TURTLES PRESENT BUT SKITISH"
2613022,1502,12517,TRES PALACIOS CREEK AT FM 456,00300,"OXYGEN, DISSOLVED (MG/L)",NA,6.9,10/18/2004,11:25:00,1.21951,NA,NA,NA,NA,NA,WC,FO,RT,NA
10085680,1502,12517,TRES PALACIOS CREEK AT FM 456,00300,"OXYGEN, DISSOLVED (MG/L)",NA,7,06/27/2005,12:30:00,0.3,NA,NA,NA,NA,NA,WC,FO,RT,NA
10139014,1502,12517,TRES PALACIOS CREEK AT FM 456,00300,"OXYGEN, DISSOLVED (MG/L)",NA,10.6,12/16/2008,10:28:00,0.3,NA,NA,NA,NA,NA,WC,FO,RT,NA
10167913,1502,12517,TRES PALACIOS CREEK AT FM 456,00300,"OXYGEN, DISSOLVED (MG/L)",NA,7.3,03/18/2009,10:04:00,0.3,NA,NA,NA,NA,NA,WC,FO,RT,NA
10231846,1502,12517,TRES PALACIOS CREEK AT FM 456,00300,"OXYGEN, DISSOLVED (MG/L)",NA,6.7,06/11/2009,09:58:00,0.3,NA,NA,NA,NA,NA,WC,FO,RT,NA
11987228,1502,12517,TRES PALACIOS CREEK AT FM 456,00300,"OXYGEN, DISSOLVED (MG/L)",NA,10.2,01/13/2010,09:41:00,0.3,NA,NA,NA,NA,NA,WC,FO,RT,NA
12663208,1502,12517,TRES PALACIOS CREEK AT FM 456,00300,"OXYGEN, DISSOLVED (MG/L)",NA,9.9,12/16/2010,10:14:00,0.15,NA,NA,NA,NA,NA,WC,FO,RT,NA
13079706,1502,12517,TRES PALACIOS CREEK AT FM 456,00300,"OXYGEN, DISSOLVED (MG/L)",NA,6.4,09/28/2011,10:27:00,0.3,NA,NA,NA,NA,NA,WC,FO,RT,NA
P008273,1501,15321,TRES PALACIOS TIDAL UPST FM521,00300,"OXYGEN, DISSOLVED (MG/L)",NA,5.74,07/06/2004,18:19:00,0.3,NA,NA,NA,NA,NA,PW,PW,TQ,Flow severity - low; days since last significant rainfall - blank
2657542,1501,15321,TRES PALACIOS TIDAL UPST FM521,00300,"OXYGEN, DISSOLVED (MG/L)",NA,2.06,03/22/2004,13:20:00,2.7,NA,NA,NA,NA,NA,PW,PW,TQ,NA
2657595,1501,15321,TRES PALACIOS TIDAL UPST FM521,00300,"OXYGEN, DISSOLVED (MG/L)",NA,4.61,04/07/2003,15:18:00,3.5,NA,NA,NA,NA,NA,PW,PW,TQ,NA
2657667,1501,15321,TRES PALACIOS TIDAL UPST FM521,00300,"OXYGEN, DISSOLVED (MG/L)",NA,3.33,05/07/2003,09:32:00,3.4,NA,NA,NA,NA,NA,PW,PW,TQ,NA
P008173,1501,15321,TRES PALACIOS TIDAL UPST FM521,00300,"OXYGEN, DISSOLVED (MG/L)",NA,6.29,06/23/2003,13:45:00,0.3,NA,NA,NA,NA,NA,PW,PW,TQ,NA
2657958,1501,15321,TRES PALACIOS TIDAL UPST FM521,00300,"OXYGEN, DISSOLVED (MG/L)",NA,4.74,09/22/2004,17:57:00,1.7,NA,NA,NA,NA,NA,PW,PW,TQ,NA
P008188,1501,17887,TRES PALACIOS TIDAL 1.4 KM UPSTREAM CONFLUENCE WILSON'S CREEK,00300,"OXYGEN, DISSOLVED (MG/L)",NA,3.68,08/04/2003,14:13:00,0.3,NA,NA,NA,NA,NA,PW,PW,TQ,NA
2657728,1501,17887,TRES PALACIOS TIDAL 1.4 KM UPSTREAM CONFLUENCE WILSON'S CREEK,00300,"OXYGEN, DISSOLVED (MG/L)",NA,3.97,06/23/2003,14:48:00,2.6,NA,NA,NA,NA,NA,PW,PW,TQ,NA
L102718,1501,20636,TRES PALACIOS RIVER 260 METERS SOUTH AND 90 METERS EAST FROM THE INTERSECTION OF LIVE OAK BOULEVARD AND RIVERSIDE DRIVE,00300,"OXYGEN, DISSOLVED (MG/L)",NA,6.6,05/02/2011,11:55:00,0.3,NA,NA,NA,NA,NA,LC,LC,RT,NA
L097496,1501,20636,TRES PALACIOS RIVER 260 METERS SOUTH AND 90 METERS EAST FROM THE INTERSECTION OF LIVE OAK BOULEVARD AND RIVERSIDE DRIVE,00300,"OXYGEN, DISSOLVED (MG/L)",NA,9.5,01/06/2010,09:00:00,0.3,NA,NA,NA,NA,NA,LC,LC,RT,NA
L103974,1501,20636,TRES PALACIOS RIVER 260 METERS SOUTH AND 90 METERS EAST FROM THE INTERSECTION OF LIVE OAK BOULEVARD AND RIVERSIDE DRIVE,00300,"OXYGEN, DISSOLVED (MG/L)",NA,8,09/14/2011,10:10:00,0.3,NA,NA,NA,NA,NA,LC,LC,RT,NA
14444848,1501,12515,TRES PALACIOS CREEK AT FM 521,00300,"OXYGEN, DISSOLVED (MG/L)",NA,5.4,03/17/2015,11:32:00,0.3,NA,NA,NA,NA,NA,WC,FO,RT,NA
14504944,1501,12515,TRES PALACIOS CREEK AT FM 521,00300,"OXYGEN, DISSOLVED (MG/L)",NA,11.1,04/06/2016,11:33:00,0.9,NA,NA,NA,NA,NA,WC,FO,RT,NA
14507321,1501,12515,TRES PALACIOS CREEK AT FM 521,00300,"OXYGEN, DISSOLVED (MG/L)",NA,15.7,02/10/2016,12:14:00,0.3,NA,NA,NA,NA,NA,WC,FO,RT,NA
R194026,1501,12515,TRES PALACIOS CREEK AT FM 521,00300,"OXYGEN, DISSOLVED (MG/L)",NA,12.49,12/20/2000,09:15:00,0.3,NA,NA,NA,NA,NA,WC,FO,RT,"REDDISH GREEN H2O, SE 8-12, SUNNY AND COLD, LOOKS LIKE AN ALGAL BLOOM, 2 RECREATIONAL FISHING BOATS LAUNCHING."
R194284,1501,12515,TRES PALACIOS CREEK AT FM 521,00300,"OXYGEN, DISSOLVED (MG/L)",NA,9.84,03/14/2001,10:45:00,0.3,NA,NA,NA,NA,NA,WC,FO,RT,"CLOUDY, BREEZY, APPROACHING T-STORMS, H20 BROWNISH GREEN, MODERATE TRAFFIC SW WIND 25 MPH, COOL."
2693870,1501,12515,TRES PALACIOS CREEK AT FM 521,00300,"OXYGEN, DISSOLVED (MG/L)",NA,3.3,06/22/2005,10:53:00,1.52439,NA,NA,NA,NA,NA,WC,FO,RT,NA
2838039,1501,12515,TRES PALACIOS CREEK AT FM 521,00300,"OXYGEN, DISSOLVED (MG/L)",NA,10,01/04/2006,11:50:00,1.21951,NA,NA,NA,NA,NA,WC,FO,RT,NA
R233832,1501,12515,TRES PALACIOS CREEK AT FM 521,00300,"OXYGEN, DISSOLVED (MG/L)",NA,7.6,06/14/2006,11:37:00,0.304878,NA,NA,NA,NA,NA,WC,FO,RT,"WIND S 1-5 MPH. MOSTLY CLOUDY, HOT. WATER GREEN. LIGHT BRIDGE TRAFFIC. MANYBIRDS NESTING UNDER BRIDGE. HIGH TIDE."
14363158,1501,12515,TRES PALACIOS CREEK AT FM 521,00300,"OXYGEN, DISSOLVED (MG/L)",NA,10.1,03/05/2014,11:04:00,0.75,NA,NA,NA,NA,NA,WC,FO,RT,NA
14363159,1501,12515,TRES PALACIOS CREEK AT FM 521,00300,"OXYGEN, DISSOLVED (MG/L)",NA,9,03/05/2014,11:04:00,1.3,NA,NA,NA,NA,NA,WC,FO,RT,NA
13329581,1501,12515,TRES PALACIOS CREEK AT FM 521,00300,"OXYGEN, DISSOLVED (MG/L)",NA,2.7,07/05/2012,11:02:00,1.05,NA,NA,NA,NA,NA,WC,FO,RT,NA
L059862,1501,12515,TRES PALACIOS CREEK AT FM 521,00300,"OXYGEN, DISSOLVED (MG/L)",NA,6.19,01/03/2000,13:56:00,0.5,NA,NA,NA,NA,NA,LC,XX,RT,NA
L061002,1501,12515,TRES PALACIOS CREEK AT FM 521,00300,"OXYGEN, DISSOLVED (MG/L)",NA,5.64,09/12/2000,11:53:00,1,NA,NA,NA,NA,NA,LC,LC,RT,NA
L068579,1501,12515,TRES PALACIOS CREEK AT FM 521,00300,"OXYGEN, DISSOLVED (MG/L)",NA,6.48,03/20/2002,09:25:00,0.33,NA,NA,NA,NA,NA,LC,LC,RT,NA
L067665,1501,12515,TRES PALACIOS CREEK AT FM 521,00300,"OXYGEN, DISSOLVED (MG/L)",NA,8.16,01/16/2002,11:34:00,0.33,NA,NA,NA,NA,NA,LC,LC,RT,NA
L074932,1501,12515,TRES PALACIOS CREEK AT FM 521,00300,"OXYGEN, DISSOLVED (MG/L)",NA,6.23,09/30/2003,13:54:00,0.33,NA,NA,NA,NA,NA,LC,LC,RT,NA
L078484,1501,12515,TRES PALACIOS CREEK AT FM 521,00300,"OXYGEN, DISSOLVED (MG/L)",NA,6.45,11/10/2004,12:15:00,1.65,NA,NA,NA,NA,NA,LC,LC,RT,NA
L083165,1501,12515,TRES PALACIOS CREEK AT FM 521,00300,"OXYGEN, DISSOLVED (MG/L)",NA,9.14,11/01/2005,12:55:00,0.3,NA,NA,NA,NA,NA,LC,LC,RT,NA
L065304,1501,12515,TRES PALACIOS CREEK AT FM 521,00300,"OXYGEN, DISSOLVED (MG/L)",NA,0.56,09/05/2001,12:51:00,0.7,NA,NA,NA,NA,NA,LC,LC,RT,NA
L085214,1501,12515,TRES PALACIOS CREEK AT FM 521,00300,"OXYGEN, DISSOLVED (MG/L)",NA,1.4,09/13/2006,12:15:00,0.3,NA,NA,NA,NA,NA,LC,LC,RT,NA
10013611,1501,12515,TRES PALACIOS CREEK AT FM 521,00300,"OXYGEN, DISSOLVED (MG/L)",NA,8.4,12/13/2006,11:30:00,1.5,NA,NA,NA,NA,NA,WC,FO,RT,NA
10014129,1501,12515,TRES PALACIOS CREEK AT FM 521,00300,"OXYGEN, DISSOLVED (MG/L)",NA,3.3,09/27/2006,11:22:00,0.3,NA,NA,NA,NA,NA,WC,FO,RT,NA
10054865,1501,12515,TRES PALACIOS CREEK AT FM 521,00300,"OXYGEN, DISSOLVED (MG/L)",NA,4.2,10/01/2007,11:45:00,0.3,NA,NA,NA,NA,NA,WC,FO,RT,NA
L089636,1501,12515,TRES PALACIOS CREEK AT FM 521,00300,"OXYGEN, DISSOLVED (MG/L)",NA,7.7,05/14/2008,11:50:00,0.3,NA,NA,NA,NA,NA,LC,LC,RT,NA
L092047,1501,12515,TRES PALACIOS CREEK AT FM 521,00300,"OXYGEN, DISSOLVED (MG/L)",NA,8,09/03/2008,12:35:00,0.3,NA,NA,NA,NA,NA,LC,LC,RT,NA
10231848,1501,12515,TRES PALACIOS CREEK AT FM 521,00300,"OXYGEN, DISSOLVED (MG/L)",NA,4.9,06/11/2009,10:30:00,0.3,NA,NA,NA,NA,NA,WC,FO,RT,NA
L093975,1501,12515,TRES PALACIOS CREEK AT FM 521,00300,"OXYGEN, DISSOLVED (MG/L)",NA,8.4,03/11/2009,10:05:00,0.3,NA,NA,NA,NA,NA,LC,LC,RT,NA
12484691,1501,12515,TRES PALACIOS CREEK AT FM 521,00300,"OXYGEN, DISSOLVED (MG/L)",NA,3.9,09/23/2010,10:22:00,1.8,NA,NA,NA,NA,NA,WC,FO,RT,NA
14407843,1501,12515,TRES PALACIOS CREEK AT FM 521,00300,"OXYGEN, DISSOLVED (MG/L)",NA,5.3,10/02/2014,10:45:00,0.3,NA,NA,NA,NA,NA,WC,FO,RT,NA
14413912,1501,12515,TRES PALACIOS CREEK AT FM 521,00300,"OXYGEN, DISSOLVED (MG/L)",NA,8,12/04/2014,11:12:00,0.3,NA,NA,NA,NA,NA,WC,FO,RT,NA
14551905,1501,12515,TRES PALACIOS CREEK AT FM 521,00300,"OXYGEN, DISSOLVED (MG/L)",NA,7.9,12/14/2016,11:06:00,1.33,NA,NA,NA,NA,NA,WC,FO,RT,NA
14578837,1501,12515,TRES PALACIOS CREEK AT FM 521,00300,"OXYGEN, DISSOLVED (MG/L)",NA,5.8,03/21/2017,11:47:00,1,NA,NA,NA,NA,NA,WC,FO,RT,NA
14539390,1501,12515,TRES PALACIOS CREEK AT FM 521,00300,"OXYGEN, DISSOLVED (MG/L)",NA,5.3,09/28/2016,10:58:00,1.6,NA,NA,NA,NA,NA,WC,FO,RT,NA
R187915,1502,12517,TRES PALACIOS CREEK AT FM 456,00300,"OXYGEN, DISSOLVED (MG/L)",NA,7.3,03/14/2000,09:15:00,0.3,NA,NA,NA,NA,NA,WC,FO,RT,"CLOUDY, RAINING, CHILLY, WINDY.  WATER MUDDY BROWN."
R195800,1502,12517,TRES PALACIOS CREEK AT FM 456,00300,"OXYGEN, DISSOLVED (MG/L)",NA,6.99,06/21/2001,09:40:00,0.3,NA,NA,NA,NA,NA,WC,FO,RT,"SUNNY, HOT, CALM, H2O TURBID GREENISH BROWN."
R198134,1502,12517,TRES PALACIOS CREEK AT FM 456,00300,"OXYGEN, DISSOLVED (MG/L)",NA,7.2,09/18/2001,08:45:00,0.3,NA,NA,NA,NA,NA,WC,FO,RT,"SUNNY, WARM, CLEAR SKIES, NO TRAFFIC.  H2O CLEAR GREEN."
R226088,1502,12517,TRES PALACIOS CREEK AT FM 456,00300,"OXYGEN, DISSOLVED (MG/L)",NA,7.8,06/24/2002,13:25:00,0.304878,NA,NA,NA,NA,NA,WC,FO,RT,"WARM, MUGGY. WATER TURBID & GREEN."
13612697,1502,12517,TRES PALACIOS CREEK AT FM 456,00300,"OXYGEN, DISSOLVED (MG/L)",NA,11.8,01/07/2013,10:26:00,0.15,NA,NA,NA,NA,NA,WC,FO,RT,NA
14363154,1502,12517,TRES PALACIOS CREEK AT FM 456,00300,"OXYGEN, DISSOLVED (MG/L)",NA,11.3,03/05/2014,10:31:00,0.3,NA,NA,NA,NA,NA,WC,FO,RT,NA
14391927,1502,12517,TRES PALACIOS CREEK AT FM 456,00300,"OXYGEN, DISSOLVED (MG/L)",NA,12.9,06/17/2014,10:44:00,0.05,NA,NA,NA,NA,NA,WC,FO,RT,NA
P008244,1501,15321,TRES PALACIOS TIDAL UPST FM521,00300,"OXYGEN, DISSOLVED (MG/L)",NA,8.15,03/22/2004,13:20:00,0.3,NA,NA,NA,NA,NA,PW,PW,TQ,Greenspan deployed 12:01 3/22/04
2657589,1501,15321,TRES PALACIOS TIDAL UPST FM521,00300,"OXYGEN, DISSOLVED (MG/L)",NA,5.2,04/07/2003,15:18:00,1.7,NA,NA,NA,NA,NA,PW,PW,TQ,NA
P008141,1501,15321,TRES PALACIOS TIDAL UPST FM521,00300,"OXYGEN, DISSOLVED (MG/L)",NA,5.21,04/07/2003,15:18:00,0.3,NA,NA,NA,NA,NA,PW,PW,TQ,NA
2657661,1501,15321,TRES PALACIOS TIDAL UPST FM521,00300,"OXYGEN, DISSOLVED (MG/L)",NA,5.42,05/07/2003,09:32:00,1.7,NA,NA,NA,NA,NA,PW,PW,TQ,NA
2657696,1501,15321,TRES PALACIOS TIDAL UPST FM521,00300,"OXYGEN, DISSOLVED (MG/L)",NA,5.27,05/12/2004,16:25:00,2.5,NA,NA,NA,NA,NA,PW,PW,TQ,Not possible to take bottom reading due to flow.  Water column mixed due to flood condition.
2657935,1501,15321,TRES PALACIOS TIDAL UPST FM521,00300,"OXYGEN, DISSOLVED (MG/L)",NA,4.78,09/22/2003,12:35:00,4,NA,NA,NA,NA,NA,PW,PW,TQ,NA
P008305,1501,15321,TRES PALACIOS TIDAL UPST FM521,00300,"OXYGEN, DISSOLVED (MG/L)",NA,7.36,09/22/2004,17:57:00,0.3,NA,NA,NA,NA,NA,PW,PW,TQ,1 day since last significant rainfall.  Flow severity - normal
P008243,1501,17887,TRES PALACIOS TIDAL 1.4 KM UPSTREAM CONFLUENCE WILSON'S CREEK,00300,"OXYGEN, DISSOLVED (MG/L)",NA,6.58,03/22/2004,14:10:00,0.3,NA,NA,NA,NA,NA,PW,PW,TQ,NA
P008140,1501,17887,TRES PALACIOS TIDAL 1.4 KM UPSTREAM CONFLUENCE WILSON'S CREEK,00300,"OXYGEN, DISSOLVED (MG/L)",NA,4.15,04/07/2003,14:42:00,0.3,NA,NA,NA,NA,NA,PW,PW,TQ,NA
2657723,1501,17887,TRES PALACIOS TIDAL 1.4 KM UPSTREAM CONFLUENCE WILSON'S CREEK,00300,"OXYGEN, DISSOLVED (MG/L)",NA,4.55,06/23/2003,14:48:00,1.5,NA,NA,NA,NA,NA,PW,PW,TQ,NA
2657784,1501,17887,TRES PALACIOS TIDAL 1.4 KM UPSTREAM CONFLUENCE WILSON'S CREEK,00300,"OXYGEN, DISSOLVED (MG/L)",NA,3.12,07/06/2004,17:50:00,1.6,NA,NA,NA,NA,NA,PW,PW,TQ,NA
2657793,1501,17887,TRES PALACIOS TIDAL 1.4 KM UPSTREAM CONFLUENCE WILSON'S CREEK,00300,"OXYGEN, DISSOLVED (MG/L)",NA,3.09,07/06/2004,17:50:00,3.3,NA,NA,NA,NA,NA,PW,PW,TQ,NA
L096885,1501,20636,TRES PALACIOS RIVER 260 METERS SOUTH AND 90 METERS EAST FROM THE INTERSECTION OF LIVE OAK BOULEVARD AND RIVERSIDE DRIVE,00300,"OXYGEN, DISSOLVED (MG/L)",NA,6.2,11/03/2009,12:25:00,0.3,NA,NA,NA,NA,NA,LC,LC,RT,NA
